date,hour,LOAD,w1,w2,w3,w4,w5,w6,w7,w8,w9,w10,w11,w12,w13,w14,w15,w16,w17,w18,w19,w20,w21,w22,w23,w24,w25
12/1/2011,1,147.7,31,37,32,33,39,41,39,39,30,42,35,36,38,49,37,41,32,46,37,43,47,36,39,39,39
12/1/2011,2,145.3,30,36,32,35,41,42,41,41,30,41,33,32,36,48,36,41,32,43,37,41,46,36,39,38,37
12/1/2011,3,146.6,30,34,31,30,41,43,41,41,30,40,33,32,36,48,36,38,28,43,36,39,46,34,39,37,37
12/1/2011,4,149.8,30,34,28,33,41,42,40,41,28,39,31,30,35,48,35,38,28,41,32,39,45,32,39,35,36
12/1/2011,5,158.6,29,32,28,30,39,42,39,39,28,38,32,30,34,47,35,39,28,40,32,38,45,32,38,32,35
12/1/2011,6,174.7,28,30,27,32,37,40,38,37,27,37,31,30,34,47,34,38,27,40,32,37,43,30,38,30,33
12/1/2011,7,198.4,28,30,27,33,37,39,37,37,27,36,31,30,32,48,33,37,27,40,32,37,44,30,36,30,32
12/1/2011,8,198.2,29,32,27,33,41,42,40,41,28,36,33,30,33,47,36,39,28,42,32,38,45,32,36,34,35
12/1/2011,9,178.8,34,37,32,40,43,44,42,43,32,40,37,36,37,47,40,43,36,46,39,42,46,36,42,38,40
12/1/2011,10,162,41,45,37,45,45,46,46,45,36,44,43,43,41,50,45,47,43,49,43,45,47,41,46,43,45
12/1/2011,11,148.3,47,45,40,50,48,49,47,48,43,48,47,46,45,50,47,49,46,52,50,48,48,45,49,47,48
12/1/2011,12,136.6,51,48,47,52,50,51,50,50,46,50,49,50,48,51,50,51,52,53,52,50,49,46,50,50,49
12/1/2011,13,127.4,53,50,51,53,50,53,52,50,50,52,51,50,50,51,52,54,54,54,54,53,50,50,53,52,51
12/1/2011,14,121.5,56,50,54,56,54,54,53,54,52,54,52,52,52,52,54,55,55,54,55,53,51,50,54,54,53
12/1/2011,15,116.3,56,52,56,57,54,54,53,54,52,54,54,54,53,52,54,56,55,54,55,54,53,52,55,55,54
12/1/2011,16,116.8,56,50,56,56,54,52,52,54,50,54,54,54,52,50,54,55,55,53,55,53,52,50,55,55,54
12/1/2011,17,127.7,53,45,55,55,50,49,47,50,46,51,52,50,50,49,47,51,52,48,54,50,50,43,53,50,46
12/1/2011,18,161.6,44,37,49,51,45,46,43,45,45,45,48,43,45,49,43,46,41,45,45,48,47,41,43,44,39
12/1/2011,19,177,39,36,44,47,41,43,40,41,43,41,46,41,41,49,38,41,37,41,39,40,47,37,40,42,37
12/1/2011,20,185.7,36,34,38,43,37,39,36,37,43,39,42,37,39,49,37,39,34,41,37,36,46,36,38,39,35
12/1/2011,21,190.2,33,32,36,35,37,38,35,37,39,38,40,36,37,48,36,38,32,37,36,35,45,32,35,37,35
12/1/2011,22,186,32,32,32,41,36,36,34,36,36,36,38,36,33,48,34,36,32,36,34,33,44,32,34,37,32
12/1/2011,23,177.7,31,30,32,43,34,35,34,34,36,36,36,32,34,49,33,35,30,36,34,32,42,32,33,34,32
12/1/2011,24,167.8,30,30,29,35,32,34,33,32,34,34,33,32,32,48,31,34,30,36,32,31,39,30,32,34,31
12/2/2011,1,162.3,29,30,29,38,32,34,32,32,34,33,32,32,31,49,31,33,30,35,32,31,38,28,31,32,31
12/2/2011,2,161.9,29,30,27,37,32,35,32,32,34,32,33,32,32,49,31,32,28,38,32,30,36,30,31,32,31
12/2/2011,3,164.4,28,28,27,32,32,34,31,32,34,31,32,30,36,49,30,32,28,35,32,29,36,28,30,32,30
12/2/2011,4,168.5,27,28,27,31,32,33,30,32,36,30,31,30,33,49,30,32,28,38,30,29,37,28,29,30,30
12/2/2011,5,177.2,26,28,26,30,32,32,30,32,36,31,31,28,32,49,31,31,28,37,30,29,35,27,28,29,29
12/2/2011,6,192.5,26,28,26,27,32,32,30,32,32,31,31,28,30,48,30,32,27,38,30,29,35,27,30,29,29
12/2/2011,7,216.5,25,27,24,26,30,32,30,30,36,30,31,30,29,49,30,31,27,39,30,28,36,27,28,30,28
12/2/2011,8,215.5,26,28,26,32,32,33,32,32,37,31,32,28,31,50,32,35,28,43,32,32,37,28,30,31,30
12/2/2011,9,190.1,32,34,32,42,41,43,41,41,45,37,40,32,38,52,41,44,34,48,36,41,46,36,36,37,40
12/2/2011,10,162.8,41,46,38,47,48,50,50,48,45,47,48,45,46,54,49,51,43,53,45,49,51,45,46,46,49
12/2/2011,11,141.4,50,52,44,54,54,54,56,54,46,54,53,50,52,55,55,56,52,56,52,53,55,52,54,54,54
12/2/2011,12,127.8,57,54,51,57,55,57,57,55,46,57,56,54,57,57,57,58,55,58,59,55,58,54,59,59,57
12/2/2011,13,116.7,60,55,54,60,59,58,59,59,48,60,59,57,60,56,60,60,61,60,59,58,60,55,63,61,59
12/2/2011,14,110.3,62,57,57,61,61,59,62,61,50,62,61,59,61,58,61,61,63,60,61,60,61,55,64,62,60
12/2/2011,15,107.9,58,57,59,62,61,59,62,61,52,63,62,61,62,56,62,62,63,60,63,61,62,57,64,63,61
12/2/2011,16,108.9,54,54,58,62,61,56,61,61,50,62,61,61,61,55,61,63,63,57,61,60,60,57,64,63,61
12/2/2011,17,116.1,51,50,54,58,55,53,51,55,48,57,58,54,58,48,54,55,59,52,59,54,56,50,60,58,50
12/2/2011,18,143.4,48,45,50,52,48,49,44,48,46,48,52,48,51,43,48,48,45,45,54,46,50,45,51,51,45
12/2/2011,19,156.6,43,37,46,53,43,42,43,43,46,44,51,46,50,45,45,46,43,44,54,46,48,39,44,48,41
12/2/2011,20,162.6,40,36,42,50,41,43,39,41,45,42,45,43,47,40,43,42,37,41,46,38,47,37,42,45,40
12/2/2011,21,167.9,37,36,38,46,37,41,38,37,43,40,45,41,48,39,42,41,36,39,46,37,47,36,39,42,37
12/2/2011,22,168.1,35,34,36,39,37,38,37,37,37,40,46,39,44,40,40,38,34,39,50,36,45,34,37,41,36
12/2/2011,23,164.7,34,32,35,41,36,37,35,36,39,37,48,37,42,42,39,38,34,37,41,35,44,32,38,40,35
12/2/2011,24,158.6,33,32,32,43,34,38,33,34,37,38,40,36,46,42,38,36,32,37,37,33,45,32,37,37,35
12/3/2011,1,153.9,32,32,31,33,34,36,34,34,36,36,40,36,44,41,45,36,32,37,37,33,51,32,36,37,36
12/3/2011,2,152.1,31,37,31,41,34,41,33,34,36,37,42,34,39,43,48,35,32,36,36,32,49,28,35,36,36
12/3/2011,3,150.8,31,37,29,37,34,45,32,34,37,34,43,34,39,43,46,34,32,36,39,31,49,30,33,42,36
12/3/2011,4,149.6,30,37,28,39,34,45,33,34,32,42,40,34,39,48,43,35,32,36,45,31,48,36,33,41,39
12/3/2011,5,151.4,30,34,29,44,32,45,30,32,32,41,40,41,39,50,42,34,32,43,45,31,47,37,32,39,38
12/3/2011,6,157.5,29,32,28,41,32,44,38,32,32,41,39,41,37,52,40,34,39,42,41,35,47,36,32,38,35
12/3/2011,7,167.3,29,32,27,42,39,43,40,39,34,40,38,37,35,52,39,34,37,42,41,38,47,34,33,37,33
12/3/2011,8,175.6,29,34,28,40,39,45,43,39,34,41,38,37,35,53,41,38,39,47,41,41,47,37,35,39,36
12/3/2011,9,171.3,38,43,33,45,45,48,47,45,36,45,41,41,39,55,44,46,43,53,43,47,49,41,43,42,44
12/3/2011,10,155.1,45,46,38,48,52,53,52,52,39,49,44,45,45,57,47,53,46,58,45,52,51,46,47,48,49
12/3/2011,11,141.3,51,50,48,50,55,55,56,55,41,54,48,46,48,58,50,59,50,60,46,56,53,50,53,51,52
12/3/2011,12,129.2,55,52,52,53,59,56,59,59,43,56,49,50,50,59,52,62,52,60,48,59,54,52,55,53,55
12/3/2011,13,120.2,57,52,53,55,61,56,60,61,43,58,52,52,52,59,54,64,54,60,50,61,53,54,57,55,56
12/3/2011,14,112.2,59,54,53,57,63,56,60,63,45,59,52,54,53,58,55,64,54,60,52,62,53,55,59,56,56
12/3/2011,15,108.6,60,54,53,58,63,55,60,63,45,59,53,55,53,58,56,65,54,59,52,61,54,55,59,56,56
12/3/2011,16,109.5,60,52,53,57,61,53,58,61,43,58,52,54,53,55,54,63,54,57,52,60,52,54,58,56,55
12/3/2011,17,119.3,56,50,50,55,59,50,54,59,41,54,50,52,49,53,53,58,50,53,50,55,50,50,55,53,49
12/3/2011,18,144.7,48,45,47,51,52,48,50,52,37,51,49,46,47,53,49,52,45,51,45,52,50,45,45,49,43
12/3/2011,19,153.5,44,45,44,49,52,46,48,52,36,45,47,43,44,53,47,48,39,50,41,51,50,45,44,47,41
12/3/2011,20,156.6,41,43,42,47,52,47,48,52,36,47,45,43,43,53,48,48,37,48,41,49,50,45,41,48,42
12/3/2011,21,159.3,39,39,38,50,48,42,46,48,34,46,44,43,43,53,44,50,36,47,41,48,49,43,40,44,45
12/3/2011,22,155.1,38,39,36,44,46,47,46,46,36,44,43,41,41,53,44,47,36,48,41,47,48,43,39,44,42
12/3/2011,23,148.9,35,37,35,47,46,44,45,46,32,42,42,37,41,53,42,46,34,48,37,45,48,37,38,42,38
12/3/2011,24,140.5,34,37,33,45,46,47,45,46,32,44,40,37,40,53,41,43,34,47,36,45,48,36,36,41,39
12/4/2011,1,134.2,34,37,33,43,46,46,44,46,30,41,38,36,38,54,40,42,34,48,34,43,46,36,34,40,37
12/4/2011,2,133.2,33,34,30,42,46,45,44,46,32,39,39,36,38,54,38,42,32,47,34,41,46,34,34,38,34
12/4/2011,3,134.9,32,32,31,37,46,45,44,46,32,38,36,34,37,54,37,42,32,49,32,38,43,32,33,37,36
12/4/2011,4,138.2,32,32,30,38,46,46,43,46,32,37,35,34,35,54,36,43,32,49,32,38,42,32,33,36,35
12/4/2011,5,142.7,32,32,29,37,45,43,41,45,30,38,33,32,34,54,33,42,32,49,32,41,43,32,34,33,34
12/4/2011,6,149.7,35,32,30,36,45,48,41,45,30,36,32,32,34,54,32,42,32,50,32,41,45,32,35,32,35
12/4/2011,7,159.7,37,32,29,36,45,47,37,45,30,37,32,32,32,54,32,42,30,49,32,39,44,32,36,32,34
12/4/2011,8,170.5,39,32,29,38,45,45,42,45,30,36,34,34,32,55,34,45,32,51,32,43,45,34,38,34,35
12/4/2011,9,172,42,45,34,44,48,52,49,48,34,45,39,36,36,58,41,50,37,56,37,49,54,39,43,41,44
12/4/2011,10,156.7,46,50,36,49,54,59,55,54,37,52,44,43,43,59,47,57,45,60,45,54,58,46,49,47,50
12/4/2011,11,135.3,51,54,46,51,59,62,60,59,43,57,48,50,51,62,54,62,50,65,48,61,59,54,52,54,56
12/4/2011,12,118,55,59,50,54,64,64,64,64,46,61,52,54,56,69,56,67,54,66,50,64,59,59,58,56,59
12/4/2011,13,111.9,60,63,52,56,68,65,67,68,50,64,55,55,59,70,59,69,59,65,52,67,59,61,61,59,62
12/4/2011,14,107.4,63,64,53,58,70,66,68,70,48,66,57,59,60,69,60,71,59,65,55,69,60,63,64,63,64
12/4/2011,15,105.4,66,64,53,60,70,65,68,70,52,67,58,59,62,67,62,70,57,65,55,68,60,63,65,63,65
12/4/2011,16,104.9,66,63,52,60,68,62,65,68,50,66,58,61,60,66,60,66,55,64,55,67,59,63,65,64,64
12/4/2011,17,109.2,63,55,52,60,64,57,63,64,48,60,55,59,58,65,54,64,55,62,55,62,57,57,59,60,57
12/4/2011,18,130.8,54,52,52,53,63,55,60,63,46,54,53,50,52,63,50,57,48,59,54,61,56,52,52,54,49
12/4/2011,19,137.9,51,50,50,56,61,54,57,61,45,50,49,46,50,63,48,55,46,59,52,61,53,48,49,51,44
12/4/2011,20,139,47,46,50,53,57,53,57,57,45,50,47,45,47,63,47,56,46,59,50,61,52,46,47,50,45
12/4/2011,21,140.3,46,45,50,55,59,48,56,59,45,49,47,45,51,62,47,59,46,59,46,59,52,45,47,46,45
12/4/2011,22,133.4,44,45,50,53,59,49,53,59,45,47,49,43,47,62,45,58,45,59,45,59,51,46,47,46,42
12/4/2011,23,124.6,43,43,50,54,57,48,55,58,45,49,46,45,45,63,45,54,45,60,43,58,51,50,46,46,42
12/4/2011,24,113.8,43,43,50,52,57,50,56,57,45,52,46,45,42,63,46,56,45,60,43,58,49,50,48,45,43
12/5/2011,1,106,42,45,50,47,57,52,56,57,45,51,46,45,41,63,45,57,45,59,45,58,48,50,49,47,45
12/5/2011,2,102.3,41,45,50,44,57,53,56,57,45,51,46,45,48,62,48,57,46,62,45,57,47,50,50,48,48
12/5/2011,3,100.8,42,46,49,50,55,54,57,55,45,54,45,48,47,62,45,53,45,61,46,58,46,52,50,51,50
12/5/2011,4,100.8,40,50,49,46,55,54,57,55,45,54,43,52,45,63,47,51,45,62,46,58,50,54,51,51,50
12/5/2011,5,104.1,42,50,50,47,55,55,59,55,45,55,41,42,45,63,45,50,41,61,45,57,51,52,51,54,53
12/5/2011,6,115.3,43,52,50,47,55,53,57,55,45,56,42,43,46,64,46,49,46,60,45,58,55,52,51,50,52
12/5/2011,7,135.2,44,52,50,48,54,56,61,54,45,54,42,41,46,62,48,58,46,61,43,56,56,52,52,48,51
12/5/2011,8,135.9,45,52,50,50,57,60,60,57,45,53,45,43,46,61,49,59,48,59,46,59,59,54,52,50,50
12/5/2011,9,128.3,49,57,51,50,61,61,60,61,45,60,47,45,48,63,55,65,50,60,52,62,62,59,56,54,57
12/5/2011,10,119.5,51,64,51,54,68,63,62,68,45,64,50,54,53,61,57,66,52,66,55,65,64,63,61,60,63
12/5/2011,11,113.1,55,64,53,55,70,68,64,70,48,67,53,57,58,68,59,65,54,69,55,67,67,63,66,65,67
12/5/2011,12,108.5,60,64,52,59,72,68,67,72,52,72,56,63,64,69,62,65,59,66,59,69,70,64,68,68,69
12/5/2011,13,105,65,64,51,59,72,67,70,72,54,71,61,63,66,72,65,69,57,67,59,70,71,66,69,69,69
12/5/2011,14,104.8,69,64,51,60,72,68,69,72,50,71,63,63,67,67,67,69,59,69,61,70,70,68,70,70,70
12/5/2011,15,103.8,69,64,51,58,70,69,68,70,46,69,63,64,68,66,67,68,55,70,61,69,67,68,70,69,69
12/5/2011,16,104.9,69,64,51,58,68,68,67,68,46,69,63,64,67,65,67,68,54,65,59,67,68,64,70,68,68
12/5/2011,17,112.1,67,64,52,58,64,64,64,64,46,67,63,63,65,64,66,66,54,63,55,64,66,63,69,67,66
12/5/2011,18,132.5,64,63,52,58,63,62,61,63,46,65,61,61,64,64,65,65,54,64,55,62,65,61,66,66,64
12/5/2011,19,138.8,62,59,52,59,63,61,61,63,46,63,61,61,63,62,64,63,54,62,55,62,64,61,65,65,63
12/5/2011,20,135.5,63,59,54,57,63,62,58,63,48,63,60,59,62,61,64,63,54,63,55,60,64,59,64,65,62
12/5/2011,21,131.7,63,59,54,59,63,61,54,63,50,63,59,59,62,59,63,63,54,64,55,61,64,55,63,64,62
12/5/2011,22,122.2,62,57,54,57,61,61,53,61,52,62,58,59,61,60,62,62,54,62,55,60,63,57,62,64,61
12/5/2011,23,110.1,63,57,55,57,61,61,53,60,52,62,59,61,61,59,62,59,54,64,55,60,63,55,62,63,60
12/5/2011,24,96.6,62,55,56,58,59,61,54,59,52,61,60,59,60,60,63,57,54,63,55,59,62,57,61,61,60
12/6/2011,1,88.1,61,54,56,58,61,61,54,61,52,61,60,59,60,60,62,57,54,63,55,59,61,55,61,62,57
12/6/2011,2,84.6,61,55,57,59,57,61,54,57,52,61,60,59,59,59,61,55,55,60,55,58,62,54,61,61,57
12/6/2011,3,83.1,60,55,56,59,55,59,50,55,52,60,60,59,58,58,61,54,59,62,55,57,61,54,59,61,60
12/6/2011,4,83.3,60,54,57,60,57,56,49,57,52,58,60,59,58,58,61,53,59,59,55,55,61,54,59,60,58
12/6/2011,5,87.2,61,54,57,60,55,55,50,55,52,60,60,59,59,58,61,55,59,61,55,53,60,52,60,61,55
12/6/2011,6,97.7,61,54,57,61,57,58,50,57,52,60,60,61,59,56,60,57,59,58,55,54,61,50,59,60,55
12/6/2011,7,118.2,61,54,57,60,57,57,49,57,52,59,60,59,59,55,60,56,59,55,57,54,60,54,59,61,53
12/6/2011,8,120.8,60,55,57,60,59,59,56,59,54,60,60,59,60,56,60,58,59,57,57,58,61,57,59,61,58
12/6/2011,9,112.8,62,59,57,61,63,62,62,64,54,62,61,61,60,62,61,63,61,70,57,63,64,61,62,62,60
12/6/2011,10,107.5,63,64,57,62,64,67,69,68,52,67,61,61,62,66,62,71,61,71,59,70,68,64,64,64,63
12/6/2011,11,105,65,68,57,63,70,69,74,70,54,70,61,63,63,67,64,73,63,70,59,71,71,68,67,65,68
12/6/2011,12,103.5,68,70,58,65,70,72,75,72,54,73,64,64,65,66,65,74,63,72,59,72,72,68,71,67,71
12/6/2011,13,102.1,71,70,59,66,70,74,75,72,54,74,65,68,66,67,67,76,64,71,59,73,73,70,72,69,71
12/6/2011,14,101.1,73,72,61,67,73,73,75,72,54,75,65,68,67,66,70,75,64,72,59,75,73,70,73,69,72
12/6/2011,15,100.2,73,72,61,68,72,72,73,72,54,74,66,68,69,66,70,75,63,69,59,74,73,72,73,71,72
12/6/2011,16,101.8,72,70,59,69,72,71,73,72,54,73,66,68,68,65,70,73,64,69,59,71,71,70,72,71,72
12/6/2011,17,106.9,71,70,59,68,70,68,70,70,54,71,64,68,66,63,68,70,63,67,61,66,68,68,70,70,68
12/6/2011,18,126.9,69,64,59,67,68,67,68,68,54,70,64,66,65,62,68,68,63,62,61,65,70,68,68,68,64
12/6/2011,19,133.4,68,64,59,65,64,65,67,66,54,69,64,64,65,62,67,67,63,63,61,65,67,64,67,66,63
12/6/2011,20,132.5,67,59,58,65,63,64,67,64,54,67,63,66,65,63,66,67,63,63,59,62,67,63,66,66,63
12/6/2011,21,128.6,66,59,58,66,63,63,65,63,54,66,63,64,65,63,65,65,63,62,59,62,67,61,65,66,60
12/6/2011,22,120.4,66,59,58,66,64,62,64,63,54,65,62,63,65,64,65,63,63,63,61,62,66,61,64,66,63
12/6/2011,23,106.7,65,61,58,65,63,62,63,63,55,64,63,63,64,62,64,62,61,63,61,59,66,61,63,65,62
12/6/2011,24,92.9,65,64,57,66,63,62,62,63,55,64,63,63,64,62,64,62,61,63,61,60,66,59,63,65,62
12/7/2011,1,84.3,66,64,59,65,64,61,61,61,55,63,62,63,63,63,64,63,61,65,61,63,65,61,63,65,62
12/7/2011,2,80.4,66,63,60,64,63,59,61,61,54,62,62,63,62,63,64,65,63,65,61,63,65,59,63,65,62
12/7/2011,3,78.1,66,59,59,64,63,61,62,61,55,63,63,63,63,63,64,67,63,65,61,63,65,59,64,65,62
12/7/2011,4,78.3,66,59,54,65,63,61,62,63,52,63,63,63,62,63,65,67,63,66,61,64,64,59,63,64,63
12/7/2011,5,80.8,66,61,54,65,63,61,63,63,52,63,63,63,64,63,65,66,63,65,61,64,64,59,63,65,62
12/7/2011,6,91,65,63,53,65,63,61,65,63,52,63,63,63,64,64,65,66,63,64,63,64,65,61,64,65,63
12/7/2011,7,111.2,64,64,51,62,63,62,64,63,50,64,64,63,63,63,64,65,61,65,63,63,65,61,65,65,63
12/7/2011,8,114.2,64,64,50,61,63,64,65,63,50,64,62,63,63,65,64,66,61,66,63,64,65,61,65,65,63
12/7/2011,9,108.2,66,64,50,61,66,66,68,64,48,67,61,63,65,64,66,70,59,67,63,68,67,63,66,67,66
12/7/2011,10,104.7,68,68,49,62,70,69,73,70,48,69,61,63,67,64,66,72,59,69,61,72,69,64,67,69,69
12/7/2011,11,105.1,70,70,49,61,72,71,76,72,46,72,62,64,68,65,68,73,61,70,61,74,71,70,70,68,70
12/7/2011,12,105.6,69,70,48,61,73,73,75,73,46,73,62,63,68,67,68,73,61,71,61,74,72,70,72,69,72
12/7/2011,13,105.8,67,72,49,62,75,74,76,73,46,74,61,63,68,68,68,74,61,71,61,75,74,72,72,70,72
12/7/2011,14,103.7,66,72,50,63,77,74,77,75,46,75,62,63,67,67,64,75,61,69,55,75,75,73,73,66,73
12/7/2011,15,103.2,65,72,47,63,77,74,75,77,45,76,62,63,64,67,64,74,55,68,54,74,76,73,73,67,73
12/7/2011,16,104.8,65,72,42,55,73,73,74,73,43,75,62,63,64,65,64,72,54,67,52,72,75,72,73,66,73
12/7/2011,17,108.8,59,70,42,54,70,71,71,70,37,72,57,57,63,64,63,71,52,66,46,70,73,70,73,69,72
12/7/2011,18,129,56,70,39,52,63,70,70,68,34,70,55,54,62,66,61,70,50,66,45,68,72,70,61,63,71
12/7/2011,19,135.3,53,70,35,49,59,68,71,59,32,61,50,54,58,65,56,68,46,66,43,69,71,64,57,58,63
12/7/2011,20,130.5,51,55,36,47,55,68,65,55,32,57,44,45,54,66,54,59,43,67,41,61,71,55,55,55,56
12/7/2011,21,125.5,50,54,35,44,54,64,59,54,32,55,42,43,51,67,46,57,41,63,41,57,62,54,52,49,55
12/7/2011,22,115.7,48,54,34,42,52,57,56,52,32,53,41,41,45,59,44,56,43,61,41,55,52,54,50,46,54
12/7/2011,23,105.6,46,50,34,41,50,56,55,52,30,51,40,41,44,58,43,53,41,58,39,52,50,52,47,45,49
12/7/2011,24,96.8,44,45,32,41,50,51,54,48,28,48,38,41,43,56,43,53,39,56,37,52,48,46,45,44,47
12/8/2011,1,92.4,43,45,32,40,46,47,50,46,28,48,39,41,42,55,42,51,37,54,37,49,46,45,44,42,46
12/8/2011,2,92.3,42,43,31,39,46,45,48,45,27,46,38,39,41,54,41,48,37,51,36,47,45,45,42,42,44
12/8/2011,3,94.9,41,39,30,38,45,44,47,43,27,45,36,37,40,49,40,47,36,50,36,46,45,43,41,42,43
12/8/2011,4,100.1,40,37,30,35,43,42,47,41,27,44,35,36,39,48,39,45,36,48,34,45,44,41,40,40,41
12/8/2011,5,111.2,38,37,29,36,43,39,45,41,27,42,34,36,37,47,37,44,32,47,32,43,44,39,40,39,41
12/8/2011,6,131.1,37,37,29,34,41,37,43,39,27,41,34,34,36,47,35,43,32,46,32,41,44,37,38,38,39
12/8/2011,7,162.4,34,37,29,33,37,37,41,37,27,40,34,34,35,46,33,42,28,46,32,40,44,37,37,37,37
12/8/2011,8,168.5,33,37,29,34,39,40,43,37,27,40,34,32,34,47,33,42,30,46,32,42,44,37,37,37,38
12/8/2011,9,155.1,40,37,31,38,43,43,44,41,27,42,37,36,37,48,38,45,36,47,36,44,45,37,41,39,40
12/8/2011,10,145.1,42,43,35,42,45,46,46,45,30,44,40,37,39,49,41,47,39,49,41,46,46,41,44,42,44
12/8/2011,11,134.5,44,45,37,45,46,48,49,46,32,47,43,39,42,50,43,50,43,51,41,49,47,43,46,43,45
12/8/2011,12,126.2,47,45,41,46,48,49,50,48,34,49,44,43,44,51,45,52,45,53,45,52,47,45,47,45,47
12/8/2011,13,119.2,49,46,46,49,50,50,51,52,37,50,44,45,45,52,47,54,48,54,46,52,50,46,49,47,49
12/8/2011,14,115.9,50,50,47,51,52,51,52,54,43,52,46,46,46,51,48,55,48,54,48,53,49,46,51,49,51
12/8/2011,15,111.8,51,50,49,52,54,51,52,54,43,52,48,46,48,51,49,57,50,52,50,53,50,48,52,50,50
12/8/2011,16,114.1,51,48,49,51,52,51,52,54,43,52,48,48,48,48,50,54,50,51,50,53,49,46,51,51,50
12/8/2011,17,129.9,49,45,48,50,48,48,46,50,39,49,46,46,46,47,43,51,45,48,46,50,47,45,48,47,43
12/8/2011,18,163.3,40,37,45,43,43,45,47,43,37,44,43,41,42,47,38,45,39,45,41,44,45,37,42,41,39
12/8/2011,19,180.7,37,36,40,45,39,46,42,41,36,40,41,37,39,47,36,42,34,42,37,39,45,37,39,39,36
12/8/2011,20,186.2,35,34,37,44,37,44,38,39,36,38,39,37,37,47,36,41,34,41,36,41,43,36,36,37,34
12/8/2011,21,189.3,34,32,35,44,36,42,37,37,32,36,37,36,37,47,34,40,32,43,36,37,44,34,36,37,34
12/8/2011,22,186,32,32,35,41,36,38,36,37,34,37,36,34,34,47,33,39,32,43,36,35,43,34,34,36,33
12/8/2011,23,175,31,32,34,42,36,38,37,36,32,37,37,36,35,47,32,39,32,42,34,36,43,32,32,35,32
12/8/2011,24,162.9,30,30,33,41,36,36,38,36,32,33,37,32,34,47,32,41,32,42,34,38,42,32,31,33,31
12/9/2011,1,157.5,31,30,33,36,39,37,36,36,30,33,36,32,33,46,31,39,32,43,34,41,41,32,32,33,31
12/9/2011,2,156.8,31,30,32,37,41,37,43,36,32,34,35,32,33,48,32,41,32,44,32,43,39,32,32,33,30
12/9/2011,3,157.9,30,30,31,35,41,34,43,36,30,36,34,32,34,50,33,40,30,46,32,41,39,30,32,35,30
12/9/2011,4,160.4,30,30,31,32,41,36,41,34,30,36,33,32,36,51,33,43,30,46,32,41,39,32,33,34,31
12/9/2011,5,165.7,29,30,30,36,41,38,43,36,32,36,33,30,34,52,32,41,30,47,32,41,38,32,34,34,33
12/9/2011,6,178.4,30,30,28,33,43,38,41,37,30,36,34,30,35,52,31,42,30,48,30,40,40,30,34,33,33
12/9/2011,7,198.8,30,30,29,34,43,40,41,37,30,37,33,32,36,53,31,43,32,48,32,39,41,32,34,33,33
12/9/2011,8,195.9,32,32,29,35,43,44,43,39,28,40,34,32,34,54,32,45,32,50,30,41,41,36,35,37,37
12/9/2011,9,175.6,34,39,32,39,46,49,46,43,30,45,36,34,38,57,36,47,34,55,32,46,51,41,38,41,40
12/9/2011,10,157.4,39,45,34,45,50,53,50,48,32,48,39,37,42,62,44,51,41,58,36,51,55,45,41,45,45
12/9/2011,11,141.1,43,50,40,48,52,56,56,52,34,52,44,43,43,64,47,59,46,61,37,54,58,48,46,48,48
12/9/2011,12,131.7,49,52,45,51,54,60,59,54,37,53,48,46,46,65,49,63,50,67,43,59,60,52,49,49,49
12/9/2011,13,126.2,51,50,48,52,57,63,62,57,41,55,50,50,48,65,52,65,52,67,46,64,61,54,54,52,50
12/9/2011,14,120.2,53,50,51,54,61,61,64,59,43,55,51,50,50,67,55,66,54,66,50,65,61,52,56,53,49
12/9/2011,15,117.4,55,46,52,53,59,63,64,59,45,54,52,52,52,65,52,67,54,68,50,65,61,52,56,54,50
12/9/2011,16,118.9,55,48,50,53,59,60,64,61,43,54,50,52,51,63,53,64,52,65,48,64,58,50,56,54,51
12/9/2011,17,129.7,52,46,48,51,57,60,62,57,41,53,48,46,50,62,47,61,46,63,46,62,56,46,54,52,48
12/9/2011,18,152.3,47,46,44,49,55,57,58,55,37,51,46,43,46,63,45,59,43,62,43,59,54,45,47,48,46
12/9/2011,19,157.5,44,45,42,48,55,53,55,55,37,51,45,43,43,60,43,57,41,62,39,57,53,46,47,46,46
12/9/2011,20,154.1,42,45,41,46,55,51,54,54,37,51,43,41,42,60,42,57,37,60,39,55,53,45,46,45,45
12/9/2011,21,151.5,43,45,40,44,55,50,52,54,36,51,42,39,41,59,41,55,37,58,39,54,53,45,45,43,47
12/9/2011,22,145.9,42,45,40,40,54,51,51,52,36,51,41,37,40,60,40,55,36,57,37,53,52,46,44,43,48
12/9/2011,23,137.7,40,45,39,40,54,51,52,52,36,51,42,36,39,60,41,55,36,56,37,52,53,46,44,42,47
12/9/2011,24,126.7,39,45,40,42,54,52,52,52,34,50,40,36,40,59,40,54,36,53,41,52,52,46,43,43,47
12/10/2011,1,118.2,39,45,38,38,52,50,51,50,34,50,39,36,40,58,41,54,36,54,41,51,51,46,42,42,47
12/10/2011,2,114.3,38,45,37,40,50,49,50,50,34,49,42,36,40,56,41,53,34,54,41,50,51,45,42,41,46
12/10/2011,3,112.5,39,45,36,39,50,48,50,48,32,49,42,36,40,56,41,52,32,53,39,50,51,45,42,40,46
12/10/2011,4,113.2,38,45,35,37,50,48,50,46,32,47,43,36,41,53,44,50,32,53,39,50,51,45,45,42,45
12/10/2011,5,117.4,36,45,34,35,50,49,49,46,32,47,42,36,41,52,43,50,32,52,36,49,51,43,44,42,44
12/10/2011,6,124.4,34,45,34,35,50,49,49,45,32,47,41,34,39,52,41,50,30,51,36,48,50,43,43,39,43
12/10/2011,7,135.9,33,43,34,35,50,49,47,45,30,45,40,36,37,50,42,49,30,50,37,46,50,43,42,38,42
12/10/2011,8,146.4,32,43,34,38,50,49,47,46,30,45,39,36,38,50,41,50,30,50,37,47,50,41,42,39,41
12/10/2011,9,158.2,34,43,37,41,48,49,48,46,32,45,42,39,38,52,43,50,37,50,41,48,50,41,44,41,43
12/10/2011,10,157.3,43,45,40,45,50,50,48,48,32,49,45,43,42,52,45,51,43,52,43,49,50,45,46,44,44
12/10/2011,11,150.8,47,45,42,48,52,51,49,52,32,49,47,45,44,52,47,52,46,53,45,49,50,46,49,47,46
12/10/2011,12,145.6,49,46,42,50,54,50,50,54,32,50,48,46,47,52,48,53,48,53,45,51,49,46,52,48,50
12/10/2011,13,139.7,53,50,43,53,54,50,51,52,32,51,48,48,48,51,51,56,50,52,45,53,50,48,53,49,51
12/10/2011,14,133.2,54,50,43,53,54,50,52,52,32,51,49,50,50,51,52,55,50,51,46,52,50,50,52,51,52
12/10/2011,15,130.3,55,50,42,53,54,49,50,54,32,52,50,50,50,50,53,54,52,51,45,51,49,48,52,53,51
12/10/2011,16,132.9,54,48,40,51,52,48,50,52,32,51,48,50,50,50,51,53,50,50,45,51,48,46,52,52,49
12/10/2011,17,142.9,51,45,38,48,50,47,49,50,32,49,45,46,47,49,47,51,46,49,43,49,48,41,47,50,47
12/10/2011,18,167,45,37,35,45,46,46,46,45,30,46,42,43,44,49,43,46,45,48,37,47,48,41,41,47,40
12/10/2011,19,174.8,38,36,33,43,43,45,45,43,28,42,40,41,43,49,43,43,41,48,36,41,48,39,38,43,37
12/10/2011,20,177.6,35,34,33,42,43,44,43,41,28,40,39,36,42,49,41,42,37,45,34,40,47,37,37,42,35
12/10/2011,21,181.5,33,32,32,40,43,44,43,39,28,36,37,34,40,49,38,41,36,45,34,40,47,34,34,41,33
12/10/2011,22,181.6,33,32,32,38,43,43,42,37,27,36,35,32,39,48,39,41,34,44,30,40,47,32,35,39,33
12/10/2011,23,178.7,31,30,30,37,43,43,42,37,27,35,35,32,36,48,38,41,32,44,30,41,45,30,35,39,32
12/10/2011,24,171.8,29,30,29,36,41,42,40,36,27,34,34,32,35,48,37,38,28,44,30,40,44,30,32,36,31
12/11/2011,1,166.3,29,30,27,35,41,41,38,34,27,33,32,30,33,48,37,37,28,44,28,40,44,28,32,36,33
12/11/2011,2,165,28,32,26,34,37,40,39,34,25,32,31,30,32,47,36,36,28,44,30,36,43,28,29,35,31
12/11/2011,3,165.8,28,30,25,31,37,40,38,32,25,35,30,32,32,47,34,36,28,44,27,36,42,27,30,33,29
12/11/2011,4,167.5,26,32,24,31,36,40,38,32,25,35,30,32,32,47,34,36,30,44,27,36,41,28,29,33,30
12/11/2011,5,171.8,25,30,23,29,36,39,37,32,25,35,30,32,32,47,33,36,30,43,27,36,40,30,29,32,32
12/11/2011,6,178.6,26,30,22,28,36,38,36,32,25,34,29,30,32,46,33,36,28,43,25,34,40,30,28,31,30
12/11/2011,7,188.8,25,30,22,31,36,37,37,32,23,33,29,30,31,46,32,35,28,43,32,34,39,27,29,32,29
12/11/2011,8,200.4,25,30,22,31,36,38,37,32,21,34,29,30,32,47,32,37,30,45,32,36,40,30,30,32,31
12/11/2011,9,204.1,32,34,25,35,41,41,40,37,25,37,32,34,34,49,36,41,34,48,34,40,42,34,36,35,36
12/11/2011,10,191,38,37,31,39,43,45,44,41,30,41,35,36,37,50,39,46,37,49,36,44,44,37,40,40,40
12/11/2011,11,171.5,44,41,36,42,46,47,48,46,32,44,38,37,39,52,41,49,41,51,37,49,45,41,44,42,42
12/11/2011,12,153.1,46,45,40,45,50,49,49,48,34,46,40,41,41,53,43,51,43,52,37,50,46,43,46,44,45
12/11/2011,13,143.7,47,45,41,46,50,49,50,50,36,47,42,43,42,52,45,53,45,53,39,52,46,45,48,45,47
12/11/2011,14,137.1,49,45,43,48,52,48,51,50,36,48,43,43,43,52,45,53,45,53,41,52,46,46,49,46,47
12/11/2011,15,132.4,49,45,43,47,50,48,51,50,36,48,43,43,44,51,45,53,45,52,43,52,46,46,49,46,47
12/11/2011,16,133.8,48,45,43,46,50,46,49,48,34,48,43,45,43,50,45,51,45,50,43,50,45,45,47,46,46
12/11/2011,17,149.3,45,39,40,45,46,44,47,45,32,44,40,43,41,48,42,48,41,48,41,47,42,39,44,41,41
12/11/2011,18,179.1,40,37,37,42,45,43,44,41,30,42,38,36,37,49,36,44,36,46,36,45,43,34,37,40,36
12/11/2011,19,190.2,36,36,36,40,43,42,43,41,30,41,36,34,34,49,35,43,36,46,34,44,44,34,35,36,34
12/11/2011,20,195.3,34,34,35,40,43,41,42,39,28,40,35,34,32,50,35,43,36,45,32,42,45,32,35,35,32
12/11/2011,21,198.3,32,34,34,40,43,41,41,39,28,39,34,32,32,50,33,44,36,44,32,41,45,30,36,32,33
12/11/2011,22,192.6,32,32,35,39,43,41,42,39,28,38,34,36,31,51,36,43,36,45,34,41,45,32,35,33,32
12/11/2011,23,180.5,32,32,35,39,43,41,41,39,28,38,33,36,29,51,36,42,36,47,36,41,46,32,36,35,31
12/11/2011,24,166.5,32,34,34,35,43,42,40,37,27,38,33,34,30,51,36,43,34,46,32,40,46,32,36,34,34
12/12/2011,1,158.6,34,34,35,36,41,41,40,37,27,38,32,32,31,51,34,43,34,46,34,40,46,32,36,34,35
12/12/2011,2,154.3,36,34,35,36,41,42,41,37,27,38,32,32,31,52,35,43,34,47,34,40,46,32,36,34,36
12/12/2011,3,153.2,37,34,35,37,37,43,41,36,27,38,31,32,31,52,35,41,34,47,30,41,46,34,35,34,36
12/12/2011,4,154.2,36,34,35,37,37,43,41,36,27,37,30,32,32,52,34,41,34,47,30,40,46,34,35,34,36
12/12/2011,5,158.7,37,34,35,37,37,44,40,36,27,38,30,32,31,52,33,41,34,48,32,40,45,34,34,33,35
12/12/2011,6,172,37,32,35,37,39,43,39,36,27,39,31,32,31,52,32,40,34,49,30,39,45,34,35,32,35
12/12/2011,7,193.4,37,34,35,37,39,42,39,37,27,39,31,32,30,53,34,39,34,49,32,38,45,36,36,33,36
12/12/2011,8,190.8,38,36,32,37,41,45,41,37,27,40,32,32,31,53,34,41,36,50,32,41,45,36,36,33,37
12/12/2011,9,177.5,39,37,35,37,41,48,45,39,28,41,33,34,32,55,36,45,36,53,32,45,47,37,37,35,39
12/12/2011,10,166.9,40,43,37,38,43,50,50,41,30,43,35,36,33,57,39,48,37,56,34,48,48,41,39,37,41
12/12/2011,11,154.2,41,45,38,41,45,55,53,43,32,45,37,37,36,58,41,50,41,57,36,51,51,45,41,39,44
12/12/2011,12,143,42,50,41,44,45,56,54,45,34,46,40,39,41,57,42,52,45,58,37,51,53,46,43,42,45
12/12/2011,13,137.2,46,50,43,48,46,57,54,46,39,47,43,41,42,57,44,53,46,59,41,52,51,48,46,44,46
12/12/2011,14,133.9,47,50,48,50,46,56,54,46,45,48,44,43,43,57,45,53,50,59,43,51,50,50,48,45,48
12/12/2011,15,132.9,47,50,51,51,48,55,54,48,50,50,46,45,43,57,46,52,50,58,45,51,49,46,50,46,50
12/12/2011,16,136.2,48,50,52,52,50,54,53,48,50,51,47,46,43,56,46,51,50,58,45,51,49,46,51,47,50
12/12/2011,17,148,46,50,50,49,48,53,53,48,48,49,45,46,43,55,44,50,46,57,45,50,49,46,48,46,48
12/12/2011,18,171.7,42,45,49,44,46,50,54,46,43,47,42,41,40,55,41,49,43,56,39,51,49,45,44,43,44
12/12/2011,19,178.6,38,45,45,47,45,49,52,43,43,46,41,37,39,55,39,47,37,55,37,50,50,45,40,41,44
12/12/2011,20,179.9,36,45,44,41,45,49,49,43,43,46,39,36,37,55,37,46,36,54,36,49,50,43,40,40,41
12/12/2011,21,176.2,34,45,42,43,45,49,50,43,39,44,36,36,34,54,35,46,34,54,34,48,50,43,38,37,40
12/12/2011,22,166.2,32,37,41,42,45,49,50,41,43,43,35,34,33,54,33,45,32,53,34,48,50,41,39,35,38
12/12/2011,23,154.2,31,37,40,37,43,48,48,41,41,42,34,34,33,54,35,45,32,52,34,46,50,39,36,36,35
12/12/2011,24,141.6,33,37,40,39,43,47,47,39,37,41,34,32,32,53,33,45,32,50,32,45,49,37,36,34,37
12/13/2011,1,136.1,32,36,41,35,41,48,45,37,39,40,35,32,32,53,32,45,32,50,32,45,48,37,34,34,37
12/13/2011,2,134.8,31,34,41,33,41,48,44,37,37,40,34,32,31,53,32,44,34,48,34,43,49,34,34,32,35
12/13/2011,3,136.2,31,32,40,40,39,47,45,37,37,38,35,32,33,52,34,44,37,48,36,43,48,34,32,34,34
12/13/2011,4,139.4,31,32,42,37,37,46,45,36,39,36,34,32,31,52,33,41,37,48,36,42,46,32,32,33,35
12/13/2011,5,146.2,31,32,43,37,37,46,46,36,41,38,34,32,31,51,32,43,37,48,36,41,46,34,31,32,34
12/13/2011,6,160.6,31,30,42,39,36,46,45,36,41,37,33,32,31,51,33,41,37,46,39,41,45,32,32,33,32
12/13/2011,7,184.4,30,32,41,39,37,45,44,34,46,37,33,32,30,50,32,41,39,46,37,40,44,32,32,32,31
12/13/2011,8,185.3,31,32,40,39,37,45,44,36,48,38,34,32,32,50,32,42,41,47,36,40,45,32,31,32,33
12/13/2011,9,171.2,36,37,40,46,43,47,45,39,48,42,43,36,37,50,40,43,45,48,43,43,48,36,39,39,41
12/13/2011,10,155.1,44,45,41,52,46,49,46,45,50,46,50,43,42,50,48,45,48,49,50,44,49,41,44,44,44
12/13/2011,11,141.6,50,46,43,57,50,52,49,48,50,50,54,46,48,53,55,52,52,54,54,50,49,45,50,51,49
12/13/2011,12,129.4,56,50,53,59,55,55,53,54,50,53,59,52,52,53,58,59,57,58,59,56,50,48,55,55,51
12/13/2011,13,120.9,61,52,60,61,59,55,57,59,50,56,62,55,55,54,61,62,61,59,63,59,51,52,60,58,56
12/13/2011,14,117.3,65,54,61,66,61,56,59,61,50,58,63,59,58,54,63,63,63,60,63,61,52,54,62,60,58
12/13/2011,15,113.7,65,54,63,66,63,56,59,63,54,59,62,59,58,53,62,64,64,60,63,61,52,54,64,63,58
12/13/2011,16,114.4,65,52,62,64,63,54,58,63,52,59,62,61,58,51,61,63,64,58,61,60,51,54,64,62,58
12/13/2011,17,124.9,62,50,58,62,57,51,53,59,50,57,60,55,54,50,56,59,63,54,59,56,48,48,60,58,52
12/13/2011,18,156.6,53,43,54,57,52,48,49,52,48,52,56,50,49,50,50,52,52,50,55,52,48,43,51,54,45
12/13/2011,19,173.2,50,37,52,55,50,47,44,48,46,46,51,46,49,49,47,48,50,50,50,51,47,39,49,50,42
12/13/2011,20,176.7,46,36,49,54,46,46,44,46,46,46,52,45,46,49,47,45,45,48,45,46,45,37,45,49,40
12/13/2011,21,179.8,44,34,46,51,45,44,40,45,45,42,47,45,44,49,45,44,43,47,45,44,49,36,43,45,37
12/13/2011,22,177.1,43,32,45,51,43,41,40,43,45,41,46,43,41,49,44,43,43,46,50,41,49,36,41,44,37
12/13/2011,23,168,42,32,44,50,43,42,38,41,43,40,48,43,40,49,43,42,41,44,46,38,49,34,39,42,37
12/13/2011,24,156.9,40,32,42,46,41,43,36,43,43,40,48,43,40,49,42,42,43,44,50,37,48,32,38,42,36
12/14/2011,1,151.5,39,32,42,48,41,42,37,41,45,39,49,45,40,49,47,41,45,40,52,37,48,32,37,41,35
12/14/2011,2,150.5,38,32,41,50,39,37,36,39,43,36,48,45,39,49,46,40,45,42,52,35,47,32,35,40,35
12/14/2011,3,150.4,39,32,42,49,39,35,37,39,43,36,48,48,39,49,46,39,46,42,50,34,47,30,38,41,34
12/14/2011,4,152.1,41,32,43,51,39,34,36,37,43,37,47,48,40,48,46,37,45,44,54,35,48,30,38,42,35
12/14/2011,5,159.1,42,30,44,50,37,34,35,37,45,37,47,46,41,48,46,38,46,43,52,34,48,30,39,45,37
12/14/2011,6,174.8,43,30,44,50,37,33,37,37,45,38,48,46,43,48,45,38,46,42,50,34,48,32,41,46,40
12/14/2011,7,196.9,44,32,44,51,36,35,39,39,41,42,48,46,43,48,45,37,46,42,50,37,48,32,42,45,41
12/14/2011,8,192.5,44,37,43,51,39,39,38,41,43,43,47,46,43,48,45,42,48,44,50,41,47,36,43,46,43
12/14/2011,9,176.8,46,39,46,52,45,44,45,45,45,45,48,46,44,50,47,46,50,48,50,46,49,37,46,47,44
12/14/2011,10,161.6,52,45,51,54,50,49,48,48,50,48,50,50,47,52,49,52,52,51,50,49,51,43,50,49,47
12/14/2011,11,147.5,55,45,54,56,54,52,52,54,50,52,50,52,48,53,52,56,54,54,52,53,51,45,53,51,50
12/14/2011,12,134.6,57,50,60,58,57,56,54,57,52,55,54,54,50,54,55,59,55,57,54,55,52,50,56,54,52
12/14/2011,13,123.7,59,54,64,60,61,57,56,59,54,58,56,55,51,55,57,62,59,59,55,59,52,52,58,56,55
12/14/2011,14,118.2,60,54,65,61,61,57,56,61,55,59,58,59,53,56,57,64,61,59,59,61,51,54,59,58,56
12/14/2011,15,115.4,62,54,65,64,63,56,58,63,55,61,58,61,54,56,58,64,64,58,59,61,51,54,60,58,56
12/14/2011,16,116.2,62,54,64,63,63,55,57,63,52,60,59,61,53,54,58,64,63,56,59,59,51,54,60,59,55
12/14/2011,17,129.4,59,50,61,61,59,52,55,59,50,57,55,59,52,52,56,56,61,53,55,54,50,52,58,57,51
12/14/2011,18,157,53,48,56,56,52,51,47,54,46,52,54,54,49,51,50,53,54,48,54,53,50,45,51,53,48
12/14/2011,19,167.6,50,50,54,57,48,50,44,50,45,50,53,52,49,52,50,49,50,45,52,46,50,43,47,49,46
12/14/2011,20,168.3,52,50,53,53,46,50,41,48,46,48,51,50,49,52,52,47,48,47,50,44,50,39,45,50,44
12/14/2011,21,168.4,51,46,49,54,46,49,42,48,46,46,50,52,48,52,48,46,46,47,52,43,50,41,44,51,42
12/14/2011,22,161.1,49,45,51,52,48,47,42,46,45,45,49,52,47,52,46,44,45,46,52,41,50,41,42,49,41
12/14/2011,23,148.1,47,45,52,51,46,47,41,46,45,45,48,52,47,52,44,44,45,47,46,41,49,37,39,48,41
12/14/2011,24,133.8,51,41,52,49,45,43,41,45,45,44,48,50,47,51,46,43,43,46,46,41,48,41,39,49,39
12/15/2011,1,127,50,45,49,48,43,44,41,45,46,42,47,50,46,51,46,42,45,44,46,39,48,41,38,48,39
12/15/2011,2,125.4,48,43,50,47,46,44,40,45,46,44,45,50,45,51,44,41,41,45,46,40,46,41,38,48,38
12/15/2011,3,125.7,44,43,51,47,43,43,38,43,46,43,46,50,44,51,42,41,39,45,46,39,45,41,38,45,39
12/15/2011,4,128.3,42,45,51,46,41,42,39,41,46,40,44,50,43,50,43,42,41,43,43,38,45,37,37,46,40
12/15/2011,5,135,40,43,48,44,41,44,39,41,46,39,45,50,42,50,43,41,45,45,41,38,46,37,37,45,37
12/15/2011,6,148.8,38,37,49,44,41,43,39,41,46,38,46,50,42,51,42,41,46,45,41,37,47,37,37,44,37
12/15/2011,7,172.8,38,37,49,43,41,44,39,39,45,39,44,50,41,47,46,40,46,44,41,37,47,36,38,46,37
12/15/2011,8,173.2,37,43,47,44,41,46,41,41,43,40,46,48,41,48,48,43,46,47,43,41,48,39,39,46,39
12/15/2011,9,157.3,47,48,54,49,52,51,48,50,46,47,51,50,45,56,51,52,50,56,46,49,52,46,52,51,48
12/15/2011,10,139.5,58,54,56,55,61,56,58,59,52,56,57,54,52,55,56,62,54,63,46,58,56,54,58,56,56
12/15/2011,11,125.4,62,57,60,57,64,59,65,64,61,64,60,59,57,59,60,67,59,65,50,66,60,61,62,62,61
12/15/2011,12,116.2,66,63,62,60,70,62,68,68,61,67,62,61,61,61,64,70,61,65,57,68,65,64,66,64,65
12/15/2011,13,108.9,67,64,64,65,70,65,70,70,63,70,63,61,64,61,64,72,63,65,63,70,68,66,68,67,67
12/15/2011,14,107.1,70,70,62,65,72,67,71,70,63,71,65,63,66,61,65,72,64,66,63,71,67,68,69,66,68
12/15/2011,15,105.2,69,68,64,67,72,67,71,72,59,71,64,64,67,62,66,72,68,66,64,69,69,68,69,60,68
12/15/2011,16,104.3,69,64,61,67,72,66,69,70,55,71,64,63,65,61,66,69,66,64,64,67,68,68,69,66,67
12/15/2011,17,110.5,68,63,59,65,68,64,64,68,54,67,63,63,64,59,64,67,64,61,63,63,66,63,66,64,62
12/15/2011,18,131.6,64,63,58,61,63,61,61,63,55,64,60,63,61,60,63,64,61,62,63,62,64,59,64,63,61
12/15/2011,19,140.3,63,63,58,59,61,60,60,63,57,62,59,63,61,60,63,60,61,61,61,61,63,59,63,63,61
12/15/2011,20,141.1,63,63,58,58,61,60,59,61,59,61,58,59,61,60,62,60,61,61,61,59,64,57,63,60,61
12/15/2011,21,140.1,61,59,57,59,59,59,60,61,59,61,58,59,60,60,60,62,59,61,59,59,63,59,57,59,58
12/15/2011,22,131.7,62,59,56,55,59,59,59,59,55,59,57,59,59,61,61,62,59,62,59,61,62,55,59,58,59
12/15/2011,23,119.6,61,57,58,60,55,60,58,59,54,59,56,59,59,62,59,59,59,61,59,60,61,55,58,58,57
12/15/2011,24,106.2,60,57,57,60,55,59,59,59,55,58,57,57,58,61,58,59,59,61,59,59,61,55,56,56,57
12/16/2011,1,96.8,61,57,54,60,59,59,58,59,54,59,56,59,57,59,60,60,59,60,57,59,61,55,56,56,56
12/16/2011,2,91.9,61,57,54,60,61,58,60,59,54,60,57,57,56,59,61,61,59,59,55,59,62,57,55,57,57
12/16/2011,3,90,60,57,52,59,59,57,60,59,52,60,57,59,56,58,61,60,57,60,55,58,62,55,54,58,58
12/16/2011,4,89.7,59,54,53,57,59,57,60,59,52,59,55,55,54,59,60,59,55,59,54,58,62,55,54,59,59
12/16/2011,5,92.9,57,52,52,56,59,60,60,59,52,58,55,55,52,59,58,58,52,59,55,56,63,55,56,58,56
12/16/2011,6,104.4,57,52,51,53,59,58,61,59,50,58,52,54,51,58,57,56,52,58,57,57,62,54,55,55,54
12/16/2011,7,126.4,56,52,51,51,55,57,59,59,50,56,52,54,49,58,53,56,52,59,52,57,61,52,55,54,53
12/16/2011,8,127.6,57,54,53,52,59,58,60,59,50,56,54,52,50,60,54,59,52,60,55,58,60,54,56,53,54
12/16/2011,9,117.4,60,57,54,59,63,62,63,63,50,61,56,57,56,60,59,64,61,62,59,61,62,57,61,58,59
12/16/2011,10,111.7,62,63,53,62,66,65,67,66,50,65,58,59,59,63,62,68,63,63,61,66,64,61,66,63,63
12/16/2011,11,107.1,67,64,53,65,70,67,70,70,52,68,60,61,62,65,63,71,64,65,59,71,56,63,68,65,65
12/16/2011,12,104.9,71,64,54,65,72,69,72,72,50,69,62,63,62,64,65,74,61,66,59,73,55,64,71,65,66
12/16/2011,13,101.1,72,64,53,66,73,60,72,73,48,71,61,63,61,65,65,75,61,66,55,73,53,68,69,65,65
12/16/2011,14,99,71,64,54,65,73,57,73,73,46,72,58,63,59,66,64,75,59,67,52,72,52,66,70,65,66
12/16/2011,15,99.3,71,64,52,63,73,55,71,73,46,71,54,55,57,67,62,76,55,67,52,72,52,64,71,63,65
12/16/2011,16,104.5,70,55,52,60,73,53,71,72,46,70,52,55,56,58,56,75,55,66,50,73,51,63,68,57,62
12/16/2011,17,115.4,67,54,53,57,70,52,67,72,46,64,48,54,54,58,53,70,54,63,50,67,50,61,66,57,60
12/16/2011,18,134.4,65,52,53,57,68,52,67,64,46,61,47,50,46,57,47,65,54,62,50,65,50,55,64,55,59
12/16/2011,19,141.2,60,50,52,56,64,51,59,63,46,60,46,46,42,56,45,64,54,58,46,60,50,54,60,47,55
12/16/2011,20,139.3,58,46,49,55,61,51,56,63,45,59,43,46,42,56,45,63,54,56,46,59,46,52,56,45,48
12/16/2011,21,140.3,55,45,47,55,59,50,55,63,43,52,42,45,42,55,45,62,54,55,45,57,45,45,53,44,45
12/16/2011,22,137.1,51,43,46,53,59,48,54,61,41,52,41,43,42,56,44,60,52,54,45,56,44,45,49,43,44
12/16/2011,23,132.4,50,43,45,51,61,44,53,59,41,49,41,43,42,56,44,60,48,53,45,54,44,45,48,44,45
12/16/2011,24,125.8,48,39,44,49,61,42,52,55,39,48,41,41,41,55,43,59,46,53,43,53,44,43,48,44,43
12/17/2011,1,119.6,46,39,43,48,59,43,50,54,41,46,39,41,41,53,42,57,46,52,41,51,44,43,46,43,43
12/17/2011,2,115.7,46,39,42,47,55,43,49,50,37,45,38,41,41,52,42,53,45,52,41,50,44,41,45,43,43
12/17/2011,3,114,46,39,42,46,52,43,48,48,37,44,38,41,41,51,42,51,45,50,41,49,44,41,45,43,42
12/17/2011,4,115.2,46,39,41,46,48,43,48,48,37,45,37,41,40,51,41,50,45,48,41,48,43,41,45,42,43
12/17/2011,5,119.3,45,37,40,46,50,43,47,48,36,44,37,41,40,51,41,49,45,48,41,48,43,41,46,42,43
12/17/2011,6,127.1,45,37,39,46,50,43,47,46,34,44,37,41,40,50,41,50,45,49,41,48,44,39,45,42,42
12/17/2011,7,138.5,45,37,38,45,48,43,46,46,34,45,37,39,40,50,39,50,45,48,41,47,43,39,45,42,42
12/17/2011,8,149.6,43,37,37,44,46,43,46,46,34,44,37,37,39,50,40,49,45,48,41,46,44,37,45,41,42
12/17/2011,9,161.2,45,39,38,45,50,43,46,46,34,44,40,37,40,49,41,49,45,48,41,46,44,39,46,42,42
12/17/2011,10,162.2,47,43,38,47,50,45,46,48,32,44,43,41,40,50,44,53,45,48,43,48,44,43,47,44,44
12/17/2011,11,158.5,48,43,40,48,52,46,47,50,34,45,45,43,40,51,45,53,45,49,43,49,45,43,48,45,45
12/17/2011,12,152.2,49,45,42,49,52,46,49,50,36,46,45,45,40,50,47,52,46,48,45,50,45,43,49,45,44
12/17/2011,13,145.4,50,45,44,48,54,46,49,52,36,49,47,45,42,49,47,54,50,51,45,50,45,43,51,46,45
12/17/2011,14,140.2,51,45,46,51,55,46,49,52,37,50,48,46,42,49,46,54,54,51,46,50,45,43,51,49,45
12/17/2011,15,137.6,50,45,45,51,54,45,49,50,36,49,49,48,43,47,49,54,54,50,46,50,45,43,50,48,46
12/17/2011,16,140.2,51,43,44,50,52,44,47,50,34,47,49,48,42,46,47,53,54,49,46,49,44,43,51,48,45
12/17/2011,17,151.6,50,39,40,50,50,43,47,48,34,46,46,46,41,46,44,51,52,47,45,48,44,41,49,47,43
12/17/2011,18,174.3,44,37,36,47,46,43,45,45,32,44,43,41,37,45,38,48,45,45,41,44,43,36,42,42,37
12/17/2011,19,181.9,40,34,34,47,43,40,41,41,30,40,41,37,35,45,36,46,43,42,36,43,43,36,39,39,34
12/17/2011,20,184.7,37,32,33,45,41,40,41,41,30,38,40,36,34,45,37,41,36,41,34,42,43,32,37,36,34
12/17/2011,21,189,36,32,33,41,39,37,38,37,30,36,38,34,32,44,34,40,32,40,32,40,43,32,35,34,31
12/17/2011,22,190.5,32,30,32,40,37,36,37,36,30,34,35,32,33,43,31,39,32,38,32,37,42,30,33,34,30
12/17/2011,23,187,33,28,33,34,36,32,33,36,30,34,34,32,31,43,30,37,30,39,32,34,42,30,33,31,30
12/17/2011,24,181.1,32,28,32,35,34,28,34,34,30,33,36,32,32,43,30,37,30,37,32,32,41,28,32,32,30
12/18/2011,1,175.5,32,30,30,36,34,31,35,34,30,34,30,32,33,43,30,35,30,40,32,31,39,27,32,32,28
12/18/2011,2,171.6,32,30,31,34,34,33,35,34,30,35,32,30,33,43,33,35,28,40,32,33,40,30,33,31,32
12/18/2011,3,170,32,30,31,37,37,36,36,34,30,36,30,30,33,43,30,37,27,40,30,37,40,32,33,30,32
12/18/2011,4,169.4,32,30,30,37,37,36,37,34,30,34,30,28,32,43,29,38,27,40,36,36,40,32,33,29,33
12/18/2011,5,171.9,31,30,30,30,36,36,37,34,30,33,30,28,32,42,28,39,27,40,36,36,39,30,33,29,34
12/18/2011,6,177.6,30,30,32,33,34,36,35,36,30,34,29,28,32,42,28,37,27,39,36,35,39,32,31,29,32
12/18/2011,7,190.9,28,28,31,33,34,35,34,34,30,33,34,28,30,41,28,36,27,37,36,35,39,30,29,28,28
12/18/2011,8,205.8,28,28,31,31,34,33,34,34,28,31,29,27,28,42,28,37,27,39,36,35,40,30,29,29,27
12/18/2011,9,210,31,32,33,39,39,39,37,37,30,36,34,30,33,44,36,41,32,40,37,38,42,32,34,33,34
12/18/2011,10,193.6,38,36,36,45,43,42,41,41,32,39,39,37,37,45,39,45,41,43,41,42,42,36,41,41,39
12/18/2011,11,169.9,44,41,40,47,46,44,44,45,34,43,42,41,43,46,45,47,43,46,45,45,44,37,46,45,43
12/18/2011,12,150.2,48,43,43,48,46,46,46,46,36,46,45,43,44,47,45,49,46,47,45,47,44,41,48,45,45
12/18/2011,13,142.9,50,45,46,49,50,47,47,48,37,49,46,43,45,47,47,51,48,48,46,49,46,45,49,47,48
12/18/2011,14,138.4,51,45,48,50,50,47,48,50,41,49,48,45,45,48,47,51,50,49,50,49,44,45,49,48,48
12/18/2011,15,135.5,51,45,49,52,50,46,48,50,41,49,48,46,46,47,47,52,52,49,50,49,44,45,50,49,48
12/18/2011,16,136.3,51,45,48,51,50,45,47,50,39,48,47,46,45,46,46,51,52,47,50,48,45,45,50,49,47
12/18/2011,17,148.6,49,41,44,49,48,43,44,48,37,46,44,45,44,44,43,48,46,44,46,46,43,41,48,45,44
12/18/2011,18,177.6,39,36,40,46,43,41,39,41,36,40,42,37,39,44,38,43,41,41,45,39,42,36,42,43,35
12/18/2011,19,190.6,36,32,39,45,37,39,36,37,34,38,40,36,36,44,35,38,36,39,43,34,42,36,39,37,32
12/18/2011,20,198.8,34,30,36,41,36,39,32,36,34,35,37,34,34,44,34,36,32,37,39,33,42,32,36,34,31
12/18/2011,21,204.5,32,30,34,41,34,39,32,34,32,32,36,32,33,44,33,34,32,33,34,31,41,32,32,34,29
12/18/2011,22,202.6,31,30,33,37,34,33,29,32,32,29,34,32,34,43,32,33,30,34,32,30,40,30,30,36,28
12/18/2011,23,193.9,30,28,32,39,32,29,29,32,30,29,34,32,32,43,31,32,30,31,34,28,34,28,29,35,28
12/18/2011,24,184.3,29,28,32,38,32,27,28,32,30,29,34,30,32,43,31,31,30,30,32,29,34,28,28,34,27
12/19/2011,1,179.9,29,28,30,36,36,28,28,32,30,28,33,32,31,37,31,31,30,31,32,28,32,28,27,33,26
12/19/2011,2,179.9,27,27,29,36,32,26,30,34,32,27,33,30,31,35,30,30,30,30,32,28,32,27,27,32,27
12/19/2011,3,182.4,27,27,28,36,32,26,28,32,32,28,33,30,31,34,30,30,28,31,32,27,32,27,26,30,25
12/19/2011,4,186.7,25,27,27,34,30,26,28,32,32,30,31,28,29,32,29,30,28,31,30,27,30,28,26,31,30
12/19/2011,5,195.2,26,27,28,34,30,28,27,30,30,28,30,28,29,31,29,31,28,31,30,27,30,27,25,29,26
12/19/2011,6,210.9,25,27,26,32,30,28,26,28,30,27,30,30,30,31,29,29,27,31,28,27,30,27,25,29,25
12/19/2011,7,233,24,27,26,33,30,28,27,28,32,26,31,32,30,30,28,30,27,32,28,26,30,27,24,31,25
12/19/2011,8,233.7,25,27,26,33,30,30,28,30,32,28,32,28,32,34,29,31,27,33,28,27,34,30,28,33,26
12/19/2011,9,209.5,30,34,31,39,41,42,39,39,32,37,39,34,35,47,39,40,32,46,36,36,40,37,34,36,35
12/19/2011,10,183.1,39,43,37,47,50,46,49,48,37,46,44,41,39,49,45,51,41,51,37,48,45,43,47,43,42
12/19/2011,11,161.7,48,46,42,51,54,49,53,54,43,52,47,45,45,51,49,56,46,53,41,55,49,46,51,47,48
12/19/2011,12,146.8,54,50,50,54,57,52,56,55,50,55,50,50,49,53,52,58,54,54,46,57,52,52,54,51,52
12/19/2011,13,133.3,57,52,54,56,59,53,58,57,54,58,53,52,53,54,54,59,55,55,50,57,54,54,57,54,55
12/19/2011,14,125.2,59,54,57,57,61,54,59,59,54,59,55,54,55,55,56,60,57,55,52,58,56,54,58,57,57
12/19/2011,15,119.8,60,54,56,58,61,55,59,59,54,59,56,55,56,56,56,60,57,56,54,58,56,55,59,57,57
12/19/2011,16,120.6,60,52,55,57,61,54,57,61,50,59,54,55,54,55,56,59,57,55,54,57,56,55,58,57,56
12/19/2011,17,131.7,57,50,51,53,57,51,52,55,45,55,51,54,50,54,51,56,54,52,52,53,53,52,53,50,50
12/19/2011,18,162.7,49,45,50,50,52,49,50,52,41,52,48,46,49,51,45,52,48,53,46,50,49,45,48,48,42
12/19/2011,19,179,43,37,48,48,46,47,48,50,43,50,47,45,47,52,44,50,50,55,45,49,48,39,43,49,41
12/19/2011,20,182.3,40,41,46,45,46,48,48,46,41,48,46,48,46,51,42,46,46,55,43,49,48,39,41,46,42
12/19/2011,21,181.8,38,37,44,47,46,47,47,50,43,48,47,50,46,52,47,46,45,54,41,44,50,41,40,48,42
12/19/2011,22,173.3,38,39,45,47,48,48,47,48,41,49,46,46,45,53,49,49,43,55,37,48,52,46,39,48,42
12/19/2011,23,159.2,36,43,42,45,50,47,49,50,41,50,45,46,46,53,46,51,41,55,37,50,51,46,38,45,45
12/19/2011,24,144.1,37,45,36,46,46,48,48,50,37,51,46,45,47,55,45,51,37,56,37,50,47,45,45,45,43
12/20/2011,1,133.1,36,45,35,48,46,48,49,50,41,50,46,43,45,56,45,49,36,56,36,51,45,41,47,44,41
12/20/2011,2,128.7,36,45,34,48,48,47,50,48,41,47,42,43,43,56,44,47,44,56,34,51,50,43,46,42,41
12/20/2011,3,126.8,35,45,34,44,45,48,48,50,48,47,42,45,42,54,41,46,37,55,34,50,50,43,46,41,42
12/20/2011,4,127.9,35,45,36,43,45,49,47,48,46,47,42,43,44,55,41,46,36,55,36,50,47,41,44,40,41
12/20/2011,5,132.6,36,41,34,43,43,49,48,48,46,45,43,43,42,56,40,45,36,54,36,50,50,41,42,41,41
12/20/2011,6,143.4,35,41,32,43,43,49,49,45,45,46,42,45,42,54,39,44,36,55,36,48,51,37,43,42,41
12/20/2011,7,161.9,35,37,33,41,43,48,49,43,45,46,42,45,39,53,40,44,36,54,34,48,50,39,40,42,41
12/20/2011,8,163.2,33,37,32,45,43,48,51,43,46,47,41,41,40,55,40,44,37,56,34,47,47,43,39,41,41
12/20/2011,9,152.1,40,46,37,49,52,52,57,48,50,54,43,45,41,59,43,54,41,59,37,55,51,46,51,47,47
12/20/2011,10,142.3,53,50,42,51,61,56,62,55,50,59,48,46,46,59,47,63,46,61,43,61,55,52,57,49,51
12/20/2011,11,133.6,62,52,50,53,64,58,65,63,52,65,51,50,49,61,50,68,52,64,48,65,56,59,63,52,55
12/20/2011,12,127.1,63,54,53,55,68,63,68,64,50,66,56,54,53,62,54,70,55,66,50,68,56,61,66,54,59
12/20/2011,13,121,65,55,54,57,68,62,67,68,54,67,59,55,56,63,58,70,55,66,52,69,58,63,66,59,60
12/20/2011,14,115,63,57,55,58,70,62,70,68,52,67,58,59,57,65,60,70,55,64,54,70,58,63,66,60,61
12/20/2011,15,112.2,62,57,57,58,70,61,68,68,52,66,57,59,59,63,58,70,55,62,54,68,58,63,65,61,63
12/20/2011,16,113.4,62,55,55,58,68,59,67,68,52,66,55,59,58,59,56,69,55,61,55,67,57,63,64,60,62
12/20/2011,17,122.6,61,54,53,56,64,55,64,64,50,64,55,59,56,59,57,65,55,60,54,61,53,59,62,61,59
12/20/2011,18,143.7,58,52,53,56,63,53,58,61,46,62,57,57,56,57,58,60,55,58,50,56,53,59,60,60,57
12/20/2011,19,150.9,56,54,52,56,61,52,60,61,46,62,56,57,56,53,59,60,54,57,50,55,51,57,58,60,57
12/20/2011,20,148.3,56,55,52,55,59,56,60,59,46,60,55,59,56,56,58,58,54,58,52,55,49,55,57,60,56
12/20/2011,21,144.1,56,54,51,55,57,56,60,57,48,60,56,57,57,59,58,58,54,59,54,53,52,55,57,59,56
12/20/2011,22,135,56,54,52,55,57,57,61,57,50,60,56,55,56,60,58,60,54,58,54,55,52,54,57,58,59
12/20/2011,23,122.5,55,54,52,54,57,57,59,57,50,60,56,55,56,61,58,56,54,58,54,54,54,55,56,58,56
12/20/2011,24,109.8,55,55,52,54,54,54,58,57,50,60,56,55,56,60,57,56,54,58,52,59,52,55,55,57,58
12/21/2011,1,99.9,55,54,52,53,54,56,58,55,50,59,56,55,57,59,57,57,52,59,52,60,53,55,58,57,58
12/21/2011,2,95.2,55,55,52,53,54,57,58,55,50,60,55,54,56,59,56,57,52,60,52,60,57,55,58,55,58
12/21/2011,3,92.7,56,55,52,53,52,57,59,55,50,60,54,54,56,60,55,55,52,58,52,61,57,55,59,55,57
12/21/2011,4,92.5,54,57,51,53,54,57,56,54,50,59,54,54,55,59,54,54,52,57,54,53,57,55,58,55,58
12/21/2011,5,95.7,53,55,51,54,55,58,52,54,50,58,54,54,54,60,56,58,52,60,52,57,58,54,58,56,58
12/21/2011,6,104.5,55,55,53,54,55,58,55,55,50,58,54,55,54,61,56,60,52,60,54,61,57,55,57,58,59
12/21/2011,7,119.1,56,54,52,55,59,57,60,57,50,59,54,57,54,62,56,61,52,63,54,63,57,55,57,57,59
12/21/2011,8,124.5,56,55,53,55,59,58,63,59,50,61,54,55,55,62,56,63,52,63,54,64,58,59,58,58,58
12/21/2011,9,121.9,57,59,54,57,61,61,66,61,50,61,55,55,56,64,56,67,54,65,54,66,59,61,58,58,59
12/21/2011,10,119.8,59,59,54,58,64,62,70,63,52,62,56,59,57,64,57,70,55,68,54,69,61,61,61,59,60
12/21/2011,11,119,62,63,55,59,64,66,72,64,54,64,57,59,58,65,57,72,59,68,54,73,64,61,62,61,63
12/21/2011,12,116.1,64,64,57,62,64,67,73,64,55,64,60,59,60,66,61,73,59,66,55,70,64,61,63,61,63
12/21/2011,13,114.9,65,64,59,62,64,67,72,64,54,65,59,61,61,66,61,70,59,67,55,70,64,61,65,63,63
12/21/2011,14,110.9,67,64,60,63,64,64,71,64,54,65,59,61,61,65,63,65,59,69,55,68,65,63,67,64,64
12/21/2011,15,109.8,68,64,59,63,64,64,67,64,54,66,60,61,61,66,63,64,61,66,59,65,65,63,67,64,64
12/21/2011,16,110.8,67,64,58,63,64,65,65,64,54,65,61,61,62,65,62,65,61,64,59,65,64,63,66,64,65
12/21/2011,17,117.1,66,64,58,63,64,64,65,64,54,64,61,61,62,65,63,65,61,62,57,65,64,63,66,64,65
12/21/2011,18,132.9,66,64,58,62,63,63,65,63,54,64,62,63,62,65,63,64,61,62,55,64,64,61,64,65,64
12/21/2011,19,137.2,65,64,58,62,63,64,64,63,54,64,62,63,63,63,64,64,61,63,57,62,65,63,64,65,64
12/21/2011,20,132.9,64,64,59,62,61,63,63,63,54,64,62,61,63,64,64,63,61,64,59,61,65,61,64,64,64
12/21/2011,21,129.6,64,64,59,61,63,63,62,63,54,63,61,61,63,64,64,64,61,63,59,62,65,61,63,64,63
12/21/2011,22,121.5,64,64,58,62,64,62,61,63,52,63,61,61,63,64,64,66,61,62,59,62,65,63,63,64,63
12/21/2011,23,110.6,64,64,57,61,64,62,62,63,54,63,61,61,63,65,64,66,61,63,57,63,65,61,63,64,62
12/21/2011,24,98,64,64,57,62,64,60,63,63,52,63,60,61,62,65,62,67,61,63,59,65,66,61,63,63,61
12/22/2011,1,88.6,64,63,56,62,64,61,64,63,52,64,60,61,61,65,62,67,61,65,59,66,65,61,63,63,62
12/22/2011,2,83.6,65,63,52,61,64,61,65,63,46,64,60,61,61,65,61,67,61,64,59,66,64,61,64,63,62
12/22/2011,3,80.7,64,63,52,62,66,61,66,64,48,65,60,61,61,66,62,66,61,63,59,67,64,61,64,63,62
12/22/2011,4,79.8,64,59,52,62,64,60,66,64,48,65,60,61,61,66,61,67,61,63,59,67,64,61,64,62,62
12/22/2011,5,82.3,63,57,52,62,64,60,66,64,46,64,61,61,61,65,61,66,61,63,57,67,63,61,62,62,60
12/22/2011,6,89.5,62,57,52,62,64,60,66,64,46,62,61,61,60,65,62,66,61,62,57,66,63,61,59,62,55
12/22/2011,7,100.3,60,57,50,61,64,59,65,64,45,63,61,61,60,65,62,65,61,59,57,66,59,61,61,63,57
12/22/2011,8,108.4,61,57,47,61,64,60,66,63,46,61,61,59,60,64,62,65,61,60,57,65,58,61,60,63,61
12/22/2011,9,109.6,63,63,47,62,64,63,69,64,46,65,61,63,62,66,61,68,61,63,57,66,63,63,63,63,63
12/22/2011,10,110.1,64,64,48,63,66,66,71,66,46,68,62,63,63,67,62,69,61,65,61,70,65,64,64,66,65
12/22/2011,11,108.8,66,64,56,64,68,67,73,70,50,71,64,63,64,68,63,72,63,68,59,72,68,68,68,67,67
12/22/2011,12,108.7,67,66,61,64,72,68,74,70,54,71,64,63,66,69,62,75,63,69,63,74,68,70,69,66,68
12/22/2011,13,104.9,68,68,63,64,77,67,75,73,55,73,64,63,67,68,63,78,63,69,63,76,70,70,71,66,69
12/22/2011,14,102,66,70,61,64,77,67,78,75,57,75,63,61,66,67,62,76,63,70,63,74,70,70,71,66,70
12/22/2011,15,101.6,67,68,60,64,75,67,76,77,55,75,63,61,65,67,63,73,63,68,63,71,62,72,72,65,70
12/22/2011,16,103,71,64,60,64,72,65,71,73,54,74,61,61,63,67,61,73,63,66,63,71,60,70,72,64,70
12/22/2011,17,106.7,70,64,59,64,70,63,70,70,54,72,61,63,62,67,63,70,63,66,61,68,61,70,71,65,69
12/22/2011,18,124,65,64,62,64,68,62,69,70,54,71,61,63,63,66,61,66,63,65,61,67,66,68,69,66,68
12/22/2011,19,129.5,66,64,62,64,68,64,68,68,54,70,62,63,63,66,62,65,63,65,63,66,65,68,69,65,69
12/22/2011,20,127.5,68,64,62,64,64,66,67,66,57,69,63,63,63,65,62,64,63,63,63,64,65,66,68,67,68
12/22/2011,21,125.5,69,66,61,64,64,67,65,64,59,69,63,64,64,65,62,65,63,64,63,63,66,66,68,67,67
12/22/2011,22,119.6,69,64,62,63,64,67,66,64,55,68,63,64,64,65,62,65,63,65,63,64,67,64,68,67,67
12/22/2011,23,109.1,68,68,61,63,66,66,66,66,55,68,63,63,65,65,64,65,63,64,63,64,70,64,68,67,67
12/22/2011,24,96.8,68,68,56,63,68,66,66,68,55,68,62,64,65,65,64,67,63,64,63,66,68,63,67,67,67
12/23/2011,1,87,69,68,51,63,68,65,66,68,52,68,62,63,65,66,65,68,63,66,63,67,68,66,67,67,67
12/23/2011,2,81.2,67,68,48,64,68,66,68,68,46,68,63,63,65,66,65,68,63,65,59,67,68,64,68,67,67
12/23/2011,3,77.9,67,70,47,64,70,66,69,70,43,69,63,63,65,66,66,68,63,66,54,67,68,64,68,66,67
12/23/2011,4,76.3,67,68,46,63,70,66,69,68,43,69,60,63,65,66,65,69,59,67,52,67,68,64,68,67,68
12/23/2011,5,78,66,68,45,62,70,67,68,68,41,70,56,63,64,67,65,69,55,66,50,67,70,68,68,66,68
12/23/2011,6,83.1,65,68,45,59,68,69,68,68,41,69,53,59,60,67,61,68,54,65,50,69,71,68,67,65,68
12/23/2011,7,91.5,64,64,45,56,68,68,69,68,39,69,50,55,57,66,59,69,52,65,50,68,70,68,66,63,67
12/23/2011,8,98.3,63,64,45,53,66,69,70,66,39,68,47,52,54,67,54,68,50,65,50,68,60,66,65,57,63
12/23/2011,9,105,61,59,45,56,68,67,70,68,39,68,52,54,54,66,56,68,52,64,50,68,57,66,64,57,60
12/23/2011,10,109.7,60,59,46,58,70,61,70,68,41,63,54,54,56,67,57,69,55,64,52,70,57,61,62,58,59
12/23/2011,11,110.2,62,63,47,59,70,60,71,68,41,62,55,55,57,66,58,70,55,65,54,70,58,61,61,59,59
12/23/2011,12,108,63,64,47,60,70,61,66,64,41,63,56,55,58,67,60,71,59,64,54,71,60,61,64,60,64
12/23/2011,13,106.2,63,64,49,61,70,63,65,68,41,64,57,57,59,57,60,72,59,66,54,71,61,61,65,62,63
12/23/2011,14,102.5,64,63,49,62,72,62,67,70,41,64,59,59,60,58,61,73,61,65,54,69,58,61,66,62,63
12/23/2011,15,101.4,64,63,48,61,70,62,66,68,41,65,60,59,60,57,61,74,61,67,52,69,58,61,63,63,64
12/23/2011,16,101.7,63,63,47,61,70,61,64,64,41,64,57,59,59,57,60,72,59,60,52,67,55,61,64,61,63
12/23/2011,17,106.6,59,59,46,58,64,56,62,63,41,61,53,55,56,57,57,67,55,59,50,64,52,59,61,59,59
12/23/2011,18,124.5,56,57,45,54,63,55,59,59,39,59,50,54,53,57,53,64,52,59,50,62,52,57,54,56,55
12/23/2011,19,131,51,54,44,54,61,53,57,55,37,57,48,50,50,57,52,63,50,58,48,61,52,54,52,54,53
12/23/2011,20,130.2,45,52,42,49,61,52,55,54,37,56,46,48,48,56,50,62,46,57,46,58,51,54,54,51,52
12/23/2011,21,131.1,50,50,42,49,59,51,54,54,37,54,45,46,47,56,48,60,43,55,46,55,51,52,52,50,51
12/23/2011,22,128.7,47,50,41,48,55,51,53,54,37,52,44,45,46,56,47,59,39,54,45,54,51,52,50,48,49
12/23/2011,23,123,44,50,41,48,55,51,53,52,37,50,43,45,45,55,46,58,37,53,41,52,51,52,48,47,48
12/23/2011,24,114.7,41,50,39,45,54,50,53,50,37,49,42,41,44,54,45,56,36,51,37,53,50,50,48,46,49
12/24/2011,1,106.3,39,50,39,44,50,50,52,48,37,49,41,39,42,54,45,53,36,50,36,53,50,50,46,44,48
12/24/2011,2,101.7,38,46,37,39,50,48,51,46,37,47,38,39,42,53,44,51,34,50,36,50,49,48,43,43,46
12/24/2011,3,100.6,38,46,34,42,48,48,48,45,37,47,38,37,42,53,42,50,34,49,34,48,49,46,41,41,43
12/24/2011,4,101.6,37,46,39,40,46,49,46,43,37,46,37,36,40,52,38,48,34,48,34,46,49,46,39,39,40
12/24/2011,5,104.9,35,46,39,40,45,48,46,43,36,44,36,36,37,51,37,46,34,47,41,45,49,45,37,38,37
12/24/2011,6,112.9,34,45,40,34,45,47,46,41,36,40,34,36,37,51,37,46,36,47,43,45,49,43,36,38,35
12/24/2011,7,125.8,33,41,40,38,45,47,45,37,34,40,35,36,37,50,36,46,36,47,43,45,49,39,35,36,34
12/24/2011,8,140.4,32,37,39,37,45,47,46,39,34,39,37,34,36,51,40,47,34,47,41,45,49,36,35,36,34
12/24/2011,9,153.1,37,43,40,43,46,48,48,43,32,45,41,36,42,52,46,50,37,50,43,48,50,45,40,41,42
12/24/2011,10,152.3,42,45,41,48,52,51,52,46,34,50,44,43,44,54,48,53,45,51,45,50,52,46,48,47,48
12/24/2011,11,144.5,47,48,44,52,54,53,53,50,36,52,46,46,46,54,49,56,50,53,45,52,51,50,53,50,51
12/24/2011,12,136.6,50,50,46,51,54,54,54,52,37,54,48,46,48,54,50,57,50,55,46,53,51,50,52,51,52
12/24/2011,13,130.5,54,50,48,51,54,54,55,54,37,54,49,48,49,54,51,57,52,54,46,55,49,50,53,51,52
12/24/2011,14,126.1,54,52,49,51,54,51,54,54,43,54,49,50,49,54,51,56,52,54,46,55,48,50,54,51,53
12/24/2011,15,125,53,50,51,52,55,49,54,54,43,54,49,50,49,52,50,57,50,54,48,56,48,50,53,51,52
12/24/2011,16,129.2,52,50,51,51,54,47,53,54,41,53,48,50,47,51,50,56,50,53,48,54,47,50,52,50,51
12/24/2011,17,138.5,51,46,50,50,52,46,51,52,39,51,47,46,46,50,46,54,46,51,46,51,46,45,49,49,47
12/24/2011,18,156,46,45,48,47,50,45,49,48,37,49,46,43,42,50,41,49,43,50,43,50,46,43,47,45,42
12/24/2011,19,161.8,43,43,46,48,46,44,47,46,36,47,43,41,40,50,40,49,41,50,41,49,44,41,44,44,40
12/24/2011,20,163.5,41,41,44,47,46,44,45,45,36,45,43,39,39,49,40,45,37,49,39,45,44,43,43,40,39
12/24/2011,21,166.5,39,36,42,47,43,43,46,41,36,41,41,37,39,49,39,44,37,47,39,43,44,41,39,41,37
12/24/2011,22,168.3,36,34,42,44,41,42,45,41,34,41,38,37,40,48,38,42,36,46,37,42,43,41,38,42,39
12/24/2011,23,166.4,35,34,43,47,37,37,44,41,34,38,38,36,40,48,37,40,36,44,36,38,39,39,38,43,38
12/24/2011,24,160.2,34,32,43,42,37,36,43,39,34,39,40,36,39,48,35,42,36,45,34,42,40,37,36,41,36
12/25/2011,1,154.8,34,30,39,36,37,33,38,37,32,38,34,34,37,48,34,41,34,44,32,43,35,34,36,38,34
12/25/2011,2,152.6,33,30,35,33,37,35,39,36,32,38,35,32,35,48,33,40,32,43,32,36,34,34,34,37,33
12/25/2011,3,153.5,32,30,35,35,36,31,39,36,32,36,33,32,33,47,32,39,34,43,32,37,35,32,33,37,31
12/25/2011,4,156.9,31,30,36,36,36,34,37,36,32,34,32,32,31,47,32,39,34,43,32,35,32,32,32,36,30
12/25/2011,5,161.9,31,28,35,37,36,32,37,34,30,35,33,32,35,46,32,40,34,43,32,36,37,28,33,35,30
12/25/2011,6,170.7,33,30,34,38,36,32,36,36,32,32,33,32,34,46,32,38,34,43,32,34,34,30,32,36,29
12/25/2011,7,184.9,34,30,34,40,36,33,35,37,36,33,34,32,34,44,31,40,34,42,32,34,35,32,34,37,28
12/25/2011,8,199.7,34,30,35,40,39,32,39,37,32,36,33,32,34,48,32,42,36,44,32,38,36,30,34,35,30
12/25/2011,9,199.7,36,36,37,42,43,45,44,41,36,40,37,34,38,51,39,46,37,48,34,44,43,37,37,39,37
12/25/2011,10,177.9,42,45,39,46,52,50,52,50,37,44,42,43,41,55,45,53,41,54,39,51,50,45,45,45,44
12/25/2011,11,155.7,47,50,40,48,54,52,56,52,41,51,45,46,45,56,49,58,45,57,43,54,52,48,51,50,50
12/25/2011,12,139.7,50,52,41,48,57,53,59,57,45,58,47,48,48,57,51,59,45,59,44,59,54,52,54,51,54
12/25/2011,13,131.8,52,52,42,49,57,55,61,57,45,57,47,48,50,56,51,60,46,61,45,59,55,52,56,52,55
12/25/2011,14,125.5,53,52,43,50,57,54,60,59,45,57,47,50,50,56,51,60,46,60,45,60,56,54,56,51,54
12/25/2011,15,121.4,54,52,45,51,57,54,59,57,45,56,48,50,50,55,51,61,48,59,45,59,55,54,55,52,54
12/25/2011,16,119.6,54,52,46,51,55,53,58,55,45,56,48,50,49,53,51,60,48,57,45,58,55,54,54,51,54
12/25/2011,17,122.6,53,50,45,50,55,52,57,54,43,54,47,48,48,53,51,57,46,56,45,56,53,52,54,51,52
12/25/2011,18,135.3,52,50,43,48,52,51,53,54,41,53,44,46,45,53,49,56,45,56,39,55,51,52,52,50,51
12/25/2011,19,139.4,50,50,42,46,50,50,54,52,41,53,42,46,44,53,47,54,41,56,37,54,51,52,52,48,49
12/25/2011,20,141.7,48,46,36,43,50,51,53,52,39,53,43,45,42,54,47,54,37,57,36,54,49,50,51,45,49
12/25/2011,21,142.9,47,45,37,43,50,49,54,50,37,53,43,45,43,54,46,53,37,57,34,53,50,50,49,44,47
12/25/2011,22,142,47,45,37,41,50,50,53,50,37,51,41,43,43,57,45,52,36,57,32,53,50,48,46,46,48
12/25/2011,23,138.3,45,45,37,42,50,49,53,50,37,49,40,41,43,56,42,52,41,56,37,52,50,46,45,45,48
12/25/2011,24,131.8,40,45,36,43,50,48,52,48,37,47,39,39,42,55,41,51,45,55,43,51,49,46,42,43,46
12/26/2011,1,126.7,36,45,41,42,48,47,49,46,36,46,38,39,42,53,39,50,37,52,43,49,48,45,40,42,44
12/26/2011,2,124.2,35,45,38,37,46,46,49,45,36,46,44,37,41,52,40,49,32,50,43,46,47,45,41,41,42
12/26/2011,3,125,32,43,40,35,45,42,47,45,34,44,41,36,42,52,40,47,32,48,43,45,47,43,39,41,43
12/26/2011,4,128.7,32,39,38,34,45,42,46,43,32,42,41,34,42,51,40,46,30,47,41,44,46,41,38,37,42
12/26/2011,5,135,32,39,38,36,43,41,45,41,32,39,35,36,42,50,37,43,30,47,41,44,46,39,37,34,40
12/26/2011,6,143.2,31,39,37,37,41,43,43,41,32,41,34,36,42,49,36,42,30,47,41,42,46,37,35,38,39
12/26/2011,7,153.2,29,34,36,37,39,43,42,41,32,40,37,36,40,48,41,42,30,47,37,41,47,34,36,40,37
12/26/2011,8,162.1,32,36,36,36,39,42,42,41,32,40,40,34,40,48,41,42,30,47,36,43,48,37,35,36,37
12/26/2011,9,164.1,36,41,37,42,45,45,47,43,32,45,42,37,42,49,44,48,36,49,41,46,49,43,39,42,44
12/26/2011,10,157.3,41,45,42,46,48,49,50,46,34,48,44,43,44,51,47,51,45,51,43,50,50,45,47,47,48
12/26/2011,11,149,49,50,45,49,52,51,52,50,36,51,46,45,47,52,49,53,46,53,45,53,51,46,50,49,51
12/26/2011,12,141,52,50,46,50,52,52,52,52,39,53,47,46,49,52,51,55,50,54,46,54,51,48,52,51,53
12/26/2011,13,132.2,54,50,49,52,54,53,53,54,43,54,49,48,50,52,51,57,52,54,50,55,51,50,53,52,53
12/26/2011,14,123.3,54,50,52,54,54,54,55,54,45,55,51,50,51,52,52,58,54,55,50,55,52,50,54,53,54
12/26/2011,15,118.6,55,50,51,55,55,53,54,55,45,55,50,50,51,51,53,58,54,55,52,55,52,50,55,53,54
12/26/2011,16,117.5,55,50,53,54,54,51,53,54,45,54,49,50,50,50,51,56,50,53,50,54,51,50,54,51,52
12/26/2011,17,126.5,52,45,51,53,52,48,48,52,43,52,47,48,47,48,47,50,48,49,48,50,48,43,50,49,45
12/26/2011,18,155.9,45,37,47,50,46,43,43,45,39,44,46,43,43,47,42,44,41,44,45,46,48,39,40,44,38
12/26/2011,19,170.7,41,34,44,48,43,42,41,41,36,41,43,37,40,48,41,43,37,39,43,40,45,34,40,42,36
12/26/2011,20,177.2,37,34,43,47,37,36,43,37,36,40,42,37,39,47,39,41,37,42,43,43,44,32,35,40,34
12/26/2011,21,179.8,36,32,41,47,41,38,45,39,34,38,40,37,40,47,38,39,36,42,41,43,40,34,35,39,33
12/26/2011,22,178.2,35,32,42,45,36,37,38,37,34,36,42,41,40,47,39,38,36,42,41,38,41,32,34,42,33
12/26/2011,23,171.4,35,32,41,46,36,35,35,36,36,36,41,37,41,46,39,37,36,42,43,39,41,32,34,43,33
12/26/2011,24,162,36,32,41,45,37,36,36,36,36,37,41,39,40,45,41,38,36,43,41,43,39,32,34,43,36
12/27/2011,1,154.4,42,36,40,45,37,35,37,37,36,40,41,41,40,47,41,41,36,43,43,43,40,34,35,43,39
12/27/2011,2,149.6,37,36,41,45,43,35,39,39,36,39,41,41,40,48,43,43,37,44,41,43,41,32,36,43,38
12/27/2011,3,146.5,39,36,38,45,43,35,42,41,34,39,41,41,40,48,41,45,37,46,41,44,40,34,38,43,38
12/27/2011,4,146.2,40,36,37,42,45,38,44,41,34,40,42,41,40,50,41,47,37,48,41,45,41,36,39,42,38
12/27/2011,5,147.2,39,36,37,42,45,39,44,43,32,42,42,41,40,50,40,47,37,48,41,46,41,37,39,42,39
12/27/2011,6,151.7,40,37,36,42,46,42,45,43,32,43,41,39,40,50,40,48,37,48,37,46,42,37,41,43,40
12/27/2011,7,158.6,41,39,36,42,46,43,47,45,32,44,40,37,41,51,41,50,37,49,37,48,43,39,41,43,42
12/27/2011,8,163.3,45,41,37,44,50,44,48,46,34,46,40,41,41,62,40,54,39,51,37,49,44,41,43,42,43
12/27/2011,9,165.4,47,45,38,47,54,48,50,52,34,47,42,41,40,64,41,64,41,63,37,52,47,43,46,43,43
12/27/2011,10,165.6,51,45,38,51,59,53,55,54,34,50,47,43,43,65,43,66,43,64,39,64,51,45,48,45,45
12/27/2011,11,163.8,56,50,39,54,63,53,65,55,36,52,50,46,45,65,47,63,41,66,41,65,54,50,54,50,49
12/27/2011,12,157,60,52,45,57,63,57,63,61,37,54,50,55,48,66,54,63,43,65,41,61,56,52,57,53,53
12/27/2011,13,149,63,54,48,53,64,60,62,63,45,61,53,57,52,66,57,63,50,63,43,61,59,55,60,58,56
12/27/2011,14,143.9,64,55,49,53,61,60,63,63,43,61,55,59,57,64,59,68,52,63,45,63,59,59,63,59,57
12/27/2011,15,138.7,63,57,49,54,63,61,64,63,41,63,53,55,59,64,61,68,52,64,45,66,61,61,65,60,60
12/27/2011,16,134,61,61,48,53,63,61,66,63,41,64,52,54,61,65,60,64,52,65,46,66,62,63,64,62,62
12/27/2011,17,129.5,59,63,46,51,61,63,64,63,39,62,51,54,58,66,56,62,50,64,46,64,62,61,60,58,61
12/27/2011,18,143,56,57,44,49,55,62,63,59,36,60,51,52,54,67,54,60,46,62,46,61,63,59,57,56,59
12/27/2011,19,149,53,55,43,48,55,59,61,59,34,58,48,48,53,65,53,59,45,60,45,59,62,55,58,55,57
12/27/2011,20,145.5,51,54,42,46,57,58,60,59,34,52,47,48,53,62,52,59,45,60,45,58,63,55,55,54,55
12/27/2011,21,142.1,49,52,40,46,55,59,59,55,32,56,45,46,51,59,51,58,45,58,45,57,58,55,52,52,55
12/27/2011,22,136.5,48,52,37,45,54,57,56,52,32,54,44,46,49,59,48,56,45,58,43,55,56,54,50,51,52
12/27/2011,23,128.4,47,50,36,42,50,55,55,50,32,51,42,45,47,59,47,54,43,57,43,53,55,50,49,49,51
12/27/2011,24,120.4,45,50,36,42,50,53,52,48,32,49,41,43,46,58,46,52,41,54,43,50,54,46,47,47,49
12/28/2011,1,116.2,45,50,35,42,46,51,50,46,32,48,40,43,44,56,44,50,41,51,43,49,53,46,46,46,48
12/28/2011,2,115.4,43,45,34,41,46,50,48,45,32,46,40,43,43,53,44,49,41,50,43,47,51,45,45,44,46
12/28/2011,3,116.5,42,45,34,40,45,47,48,45,32,45,40,41,42,52,43,47,39,49,43,45,49,45,44,43,45
12/28/2011,4,121,40,45,36,40,45,45,47,43,32,44,39,41,42,51,43,46,36,47,43,44,48,43,44,43,45
12/28/2011,5,129.3,39,43,35,38,43,44,46,43,32,44,39,37,40,50,42,45,36,46,41,44,47,41,43,41,44
12/28/2011,6,140.7,39,39,35,37,43,44,45,41,32,42,40,37,40,49,40,44,34,46,41,43,46,41,41,42,42
12/28/2011,7,155.3,38,37,34,37,41,43,44,39,32,41,38,37,40,48,40,43,36,45,43,41,46,39,39,41,42
12/28/2011,8,164.9,38,41,34,37,41,43,44,39,32,41,40,37,39,48,40,43,37,45,41,42,46,41,40,40,41
12/28/2011,9,163.6,40,45,35,41,43,46,47,43,32,44,42,41,43,49,43,46,41,48,43,45,48,43,43,44,44
12/28/2011,10,155.2,46,46,36,44,46,49,50,46,32,48,44,43,47,50,46,49,45,50,43,49,50,45,48,48,48
12/28/2011,11,147.2,49,50,37,48,50,52,52,48,32,50,47,45,48,52,48,52,46,52,43,51,52,46,51,49,50
12/28/2011,12,141.3,51,50,39,49,52,53,52,50,32,53,47,46,48,53,49,53,48,53,45,52,53,50,53,50,50
12/28/2011,13,133.7,52,50,41,52,54,54,53,54,34,53,49,46,49,53,50,55,50,54,46,53,54,50,53,51,52
12/28/2011,14,127.5,53,52,43,53,54,54,54,54,36,54,49,48,50,53,51,56,52,54,48,53,55,52,54,52,52
12/28/2011,15,122.7,53,52,44,53,54,53,54,54,36,54,49,50,50,52,51,56,52,54,48,54,54,52,54,52,52
12/28/2011,16,124.1,53,50,45,52,54,52,53,54,36,53,49,50,50,52,50,55,52,53,48,53,54,50,54,53,52
12/28/2011,17,135.4,52,50,43,49,52,49,51,52,34,51,46,48,48,51,48,52,46,50,45,50,52,48,51,50,50
12/28/2011,18,165.5,46,45,40,46,46,45,48,46,32,45,44,46,45,51,44,49,43,48,43,47,50,45,44,46,47
12/28/2011,19,180.1,41,41,35,43,43,44,46,45,32,43,42,37,43,51,41,43,36,47,41,44,49,39,42,44,39
12/28/2011,20,182.2,40,36,35,43,41,39,44,37,32,42,42,37,40,51,40,42,34,47,39,42,49,37,40,40,41
12/28/2011,21,183.7,37,32,37,41,37,40,40,37,32,41,40,36,38,51,40,38,34,47,39,40,47,41,38,42,38
12/28/2011,22,180.7,36,32,35,40,37,39,41,36,32,41,40,36,36,50,39,41,32,47,37,40,46,39,38,41,37
12/28/2011,23,173.1,33,32,32,39,37,36,41,34,32,41,36,34,37,50,39,41,30,46,37,38,45,41,35,41,38
12/28/2011,24,163.2,34,32,30,36,36,36,42,34,32,38,38,32,37,50,36,41,30,45,36,38,43,37,35,39,34
12/29/2011,1,156.9,30,32,29,33,34,37,39,32,32,37,34,32,40,48,35,36,30,43,32,35,41,34,32,36,36
12/29/2011,2,154.4,29,32,27,33,32,36,34,34,32,36,32,32,37,48,33,35,28,41,32,32,40,32,29,34,31
12/29/2011,3,156.4,28,32,26,29,32,33,33,32,34,33,30,30,34,48,30,34,28,41,30,34,40,30,28,32,28
12/29/2011,4,161.8,27,30,25,29,32,34,30,32,32,32,31,30,32,47,29,32,28,41,30,31,35,28,28,31,29
12/29/2011,5,172.2,27,28,25,30,32,32,29,32,32,29,29,29,31,45,29,32,28,37,30,29,33,28,27,30,28
12/29/2011,6,186.8,26,27,24,29,32,29,27,32,30,28,30,29,31,44,28,31,27,33,29,28,30,28,27,27,26
12/29/2011,7,203.5,26,27,23,28,32,29,29,32,30,28,28,29,30,44,28,30,27,33,29,28,32,28,26,29,26
12/29/2011,8,212.8,25,27,24,29,32,28,30,32,28,29,29,28,29,39,28,32,27,32,28,29,33,28,27,30,26
12/29/2011,9,203.2,29,32,27,34,36,39,38,36,30,36,33,30,33,48,34,38,30,45,34,39,39,32,32,34,35
12/29/2011,10,181.8,40,39,31,39,43,45,46,41,32,44,42,41,40,50,42,46,36,50,36,46,44,41,43,44,43
12/29/2011,11,159.2,49,45,37,45,50,48,51,48,34,50,45,43,46,50,46,53,41,53,41,53,48,46,49,49,48
12/29/2011,12,144.6,52,50,43,48,54,49,55,52,37,54,45,45,47,53,48,56,45,55,43,55,49,48,52,50,51
12/29/2011,13,132.7,54,50,46,51,55,51,58,55,37,54,48,50,48,54,50,58,50,56,45,57,50,52,54,51,52
12/29/2011,14,128.2,56,50,48,52,57,51,58,55,41,56,50,52,50,56,52,59,52,56,45,58,51,54,56,54,53
12/29/2011,15,125.1,56,50,52,53,57,52,59,55,41,57,51,52,50,56,54,59,54,55,45,58,52,54,56,55,55
12/29/2011,16,125.4,56,50,52,52,57,49,58,55,41,56,52,52,50,54,54,57,52,55,46,56,50,54,56,55,54
12/29/2011,17,134.1,54,50,48,51,54,47,54,54,37,53,48,52,49,50,51,53,48,53,45,52,50,50,54,51,51
12/29/2011,18,160.5,50,45,46,46,48,48,50,46,36,50,47,46,46,53,44,47,41,48,37,48,49,45,51,49,44
12/29/2011,19,173.7,42,45,43,44,45,49,46,45,34,47,42,43,42,55,42,45,37,45,36,47,48,43,45,47,37
12/29/2011,20,175.8,39,37,42,43,45,48,47,45,34,44,43,39,40,56,40,44,34,52,34,46,45,37,39,45,36
12/29/2011,21,177.4,36,34,40,44,43,43,47,41,32,40,38,37,38,53,38,44,32,53,32,43,46,36,37,44,32
12/29/2011,22,175.3,34,34,38,42,43,42,44,41,32,38,38,34,41,51,37,44,32,54,32,42,44,34,35,41,33
12/29/2011,23,169,33,32,34,39,41,43,38,36,34,39,36,41,39,53,36,40,32,52,32,42,39,34,32,39,32
12/29/2011,24,159.7,33,34,32,41,41,43,42,34,34,39,37,45,38,52,36,39,36,48,32,41,41,36,32,39,32
12/30/2011,1,151.6,35,34,31,41,41,43,41,39,36,42,40,45,39,51,35,42,32,48,32,41,37,37,34,39,35
12/30/2011,2,147.8,34,34,31,41,41,45,40,41,37,42,41,43,38,50,36,42,32,48,32,41,39,39,37,40,36
12/30/2011,3,146.9,33,34,32,41,39,43,36,37,41,41,38,43,37,50,36,43,32,49,32,42,40,36,39,39,33
12/30/2011,4,149,33,34,32,40,37,42,39,37,41,41,38,43,36,49,37,42,32,48,32,41,38,34,40,40,31
12/30/2011,5,154.9,32,34,31,40,36,41,37,34,41,40,38,37,37,49,34,39,32,48,32,41,38,32,39,42,30
12/30/2011,6,165,31,36,29,39,34,40,36,34,41,36,37,36,36,49,33,35,30,47,32,40,39,32,38,39,31
12/30/2011,7,178.5,31,34,28,34,36,39,37,34,41,33,35,36,36,48,33,36,30,45,32,41,39,34,37,39,31
12/30/2011,8,186.7,30,36,28,36,36,42,40,34,37,34,35,34,34,48,33,39,30,47,32,41,39,36,37,39,34
12/30/2011,9,178.6,36,43,34,41,43,47,47,43,37,43,40,39,40,52,41,49,34,54,37,47,45,41,44,41,42
12/30/2011,10,161.2,48,46,37,49,50,51,52,50,41,50,46,45,46,57,48,55,45,57,41,53,49,46,48,48,47
12/30/2011,11,144.4,56,52,44,54,55,55,59,55,46,56,50,50,51,58,53,59,52,58,45,58,52,52,54,53,52
12/30/2011,12,130.3,59,55,54,58,59,58,61,59,50,60,55,54,54,59,56,61,57,59,50,61,55,55,58,57,57
12/30/2011,13,119.4,62,57,56,58,63,60,63,61,50,62,57,57,57,60,59,63,59,59,54,62,59,59,60,61,59
12/30/2011,14,112.2,63,59,55,58,63,61,64,63,48,63,59,59,59,61,60,64,55,59,55,63,62,61,62,62,61
12/30/2011,15,107,64,59,54,58,63,61,63,63,50,63,59,61,60,60,62,63,54,60,55,62,63,61,63,62,61
12/30/2011,16,106.5,62,59,54,57,63,60,61,63,48,62,58,59,60,59,61,61,54,58,57,60,62,61,62,61,60
12/30/2011,17,112.5,62,55,52,56,59,57,58,61,46,60,57,59,58,58,59,58,54,55,55,57,59,55,60,59,57
12/30/2011,18,135.4,61,52,50,55,55,55,54,55,46,57,56,57,55,57,58,53,54,54,54,53,57,52,58,58,52
12/30/2011,19,147.6,61,52,49,54,54,53,53,54,45,55,56,57,55,54,57,54,52,55,54,53,55,52,58,58,54
12/30/2011,20,149.8,59,46,50,56,54,52,53,54,45,54,56,57,55,54,57,55,52,53,54,52,54,52,58,57,52
12/30/2011,21,150,57,50,50,56,54,53,51,54,43,55,56,55,56,54,57,53,52,54,54,50,53,52,56,58,53
12/30/2011,22,145.1,57,52,50,56,52,53,51,52,43,54,55,55,55,57,57,52,52,54,54,51,53,52,55,56,53
12/30/2011,23,136.9,57,52,50,56,52,52,50,52,41,55,55,55,55,59,56,54,50,54,54,51,54,52,55,56,53
12/30/2011,24,126.4,56,50,47,55,52,54,51,52,41,55,54,55,55,61,56,56,46,56,52,55,54,52,55,55,54
12/31/2011,1,116.5,55,52,46,54,54,54,51,52,43,55,53,54,54,62,55,56,45,58,52,56,54,52,55,55,54
12/31/2011,2,109.4,54,54,41,52,54,54,53,54,46,54,52,54,54,62,55,58,46,60,52,57,54,52,54,56,54
12/31/2011,3,105.7,55,54,40,50,54,54,54,55,46,54,52,52,53,63,54,60,50,61,50,57,56,50,55,55,54
12/31/2011,4,104.1,55,54,38,49,54,54,55,55,45,54,53,52,53,62,53,61,50,59,50,58,56,52,56,55,54
12/31/2011,5,105,54,54,39,50,55,54,56,55,43,55,52,52,53,62,54,61,50,59,46,59,56,52,54,54,51
12/31/2011,6,109.3,53,52,36,51,54,54,58,55,43,54,49,52,53,62,54,58,50,56,43,58,55,52,51,54,53
12/31/2011,7,115.5,51,50,37,50,55,49,59,55,43,53,49,50,50,61,52,57,46,57,43,56,53,52,48,53,55
12/31/2011,8,121.8,51,52,42,49,55,53,59,54,43,53,47,50,48,61,50,57,46,57,43,56,53,52,46,51,54
12/31/2011,9,128,52,54,46,50,57,57,60,55,41,55,51,52,52,62,53,60,46,60,46,59,56,54,52,54,55
12/31/2011,10,128.9,56,57,49,53,61,58,60,59,43,60,55,54,56,64,57,63,52,61,54,62,60,57,55,58,58
12/31/2011,11,123.4,59,59,51,56,63,62,61,61,45,61,58,57,60,62,60,66,55,64,55,64,61,61,60,61,61
12/31/2011,12,118.5,62,63,52,60,63,64,63,63,46,64,57,59,61,61,62,68,59,64,59,64,63,61,64,64,63
12/31/2011,13,113.7,63,64,55,61,64,65,65,63,46,65,60,61,62,63,62,68,61,66,59,67,64,63,66,64,65
12/31/2011,14,109.7,64,64,56,62,66,67,66,64,46,66,61,61,62,63,63,69,61,66,61,66,65,63,66,64,65
12/31/2011,15,106.1,65,64,58,64,66,65,66,64,46,67,61,61,62,63,62,68,63,67,61,66,63,63,67,64,65
12/31/2011,16,105.5,64,63,57,62,64,64,65,64,46,66,61,61,61,62,61,67,61,65,61,64,63,63,66,63,64
12/31/2011,17,110.2,63,57,55,61,63,57,62,63,46,63,57,59,59,58,56,64,57,59,57,61,62,61,61,61,61
12/31/2011,18,129.3,53,54,51,56,57,52,58,55,45,60,56,54,56,57,51,59,46,59,54,57,60,57,53,56,57
12/31/2011,19,139.7,48,48,47,53,52,52,50,50,43,54,50,48,54,55,50,53,43,56,48,51,58,48,48,51,46
12/31/2011,20,139.1,44,45,43,46,48,51,49,48,43,49,50,46,51,55,47,49,43,53,43,46,56,45,46,48,44
12/31/2011,21,138.8,41,37,39,49,45,47,46,46,37,46,45,43,48,53,45,48,39,47,41,45,55,41,45,46,44
12/31/2011,22,137.6,40,37,37,47,43,47,44,45,37,44,46,43,44,50,41,44,37,48,41,44,50,41,45,44,42
12/31/2011,23,135,38,37,35,47,43,48,42,43,37,43,45,41,42,48,41,44,36,47,37,42,48,37,40,43,38
12/31/2011,24,133.2,37,36,34,46,41,41,40,41,37,41,41,39,40,47,40,42,34,45,37,39,44,36,39,41,38
