ZONEID,TIMESTAMP,LOAD,w1,w2,w3,w4,w5,w6,w7,w8,w9,w10,w11,w12,w13,w14,w15,w16,w17,w18,w19,w20,w21,w22,w23,w24,w25
1,1012010 1:00,115.9,71,70,62,63,71,70,69,70,57,69,69,68,66,75,68,69,67,71,68,69,70,68,70,68,68
1,1012010 2:00,107.6,71,70,61,63,71,70,70,70,57,70,68,66,65,73,66,70,68,72,66,69,71,68,70,67,68
1,1012010 3:00,102.9,70,70,61,63,70,69,70,70,57,69,66,68,64,73,65,69,67,71,64,68,71,66,70,66,68
1,1012010 4:00,100,69,70,61,62,69,69,69,68,55,68,65,66,62,73,66,69,63,71,61,68,70,68,69,65,68
1,1012010 5:00,99.5,65,66,61,61,68,69,69,69,55,66,64,64,61,73,65,68,63,70,62,68,70,68,67,63,66
1,1012010 6:00,103.9,66,64,60,58,67,69,69,67,54,66,64,64,60,73,63,67,64,69,63,68,69,66,66,62,64
1,1012010 7:00,115.1,66,63,59,58,67,70,69,66,54,64,64,61,59,72,63,66,64,69,64,67,66,64,66,61,62
1,1012010 8:00,121.9,65,63,58,57,67,66,69,66,52,62,63,61,59,70,63,67,60,70,64,67,65,63,65,62,61
1,1012010 9:00,125.2,66,63,59,64,67,65,66,65,54,63,67,64,61,71,64,66,66,70,65,68,64,63,66,63,61
1,1012010 10:00,127.2,69,63,61,69,67,65,65,66,57,63,68,70,64,75,68,67,69,70,66,64,65,63,66,67,61
1,1012010 11:00,127.9,72,63,63,72,67,65,65,64,57,63,71,72,68,76,70,67,71,69,66,65,65,61,69,71,63
1,1012010 12:00,126.6,75,64,64,74,68,66,64,67,61,65,72,72,71,73,72,67,72,69,69,65,66,63,74,73,66
1,1012010 13:00,126.6,77,70,65,75,70,66,65,71,61,66,74,73,73,70,75,67,74,67,72,66,66,64,75,74,70
1,1012010 14:00,126.5,78,70,67,77,74,67,64,74,63,70,74,75,74,70,75,68,75,67,72,66,68,66,76,76,74
1,1012010 15:00,128.2,80,70,67,78,74,68,64,77,63,74,76,75,75,69,77,68,76,67,72,66,69,70,75,76,75
1,1012010 16:00,130.1,80,73,68,78,74,70,66,75,63,76,76,75,74,69,76,69,77,67,72,67,68,72,76,77,76
1,1012010 17:00,132.9,79,73,67,77,73,69,66,75,63,75,75,75,74,68,76,70,76,66,72,68,70,73,75,76,76
1,1012010 18:00,134.7,77,70,65,76,72,68,66,73,61,75,74,73,72,68,74,70,74,66,70,68,69,72,74,75,74
1,1012010 19:00,133.9,71,64,62,71,68,68,66,70,57,72,70,68,66,67,67,69,69,65,68,67,70,64,72,72,69
1,1012010 20:00,135.8,66,61,60,63,66,68,66,66,55,69,65,59,62,66,61,68,65,65,64,67,69,61,67,66,64
1,1012010 21:00,132.6,60,61,59,61,65,66,66,65,54,68,63,57,58,69,61,67,58,66,63,66,69,61,63,61,59
1,1012010 22:00,125.3,57,57,57,61,64,62,66,64,52,65,62,55,59,69,61,67,56,66,61,66,68,57,62,58,59
1,1012010 23:00,115.5,55,59,55,58,66,62,65,62,50,63,60,55,56,70,60,67,52,66,60,66,66,57,58,57,58
1,1022010 0:00,104,54,57,54,57,65,62,64,60,50,62,58,55,54,71,59,66,52,67,59,65,64,57,56,57,58
1,1022010 1:00,93.1,53,55,53,59,63,60,63,59,50,61,57,55,55,70,53,66,51,67,56,64,63,55,55,57,55
1,1022010 2:00,87.2,51,55,50,58,62,59,62,58,48,59,54,57,54,70,52,66,49,66,53,63,63,55,54,54,55
1,1022010 3:00,83.7,50,54,49,56,60,58,61,57,48,58,55,54,51,70,54,65,48,65,54,62,64,52,54,54,55
1,1022010 4:00,82.1,50,54,48,55,59,59,60,56,48,56,52,54,51,70,53,63,47,64,52,62,65,52,54,53,53
1,1022010 5:00,82.8,49,54,46,51,58,57,59,55,45,56,53,54,49,70,50,63,46,64,50,61,65,54,53,52,53
1,1022010 6:00,85.4,48,54,44,50,57,56,59,54,46,56,50,54,48,69,53,62,46,64,49,60,64,54,52,51,52
1,1022010 7:00,89.8,47,52,43,50,57,59,58,54,41,57,51,54,50,69,53,62,45,63,50,59,63,54,50,50,52
1,1022010 8:00,97.6,49,54,42,52,58,60,58,55,41,57,52,54,51,69,54,61,47,65,52,59,62,55,53,54,54
1,1022010 9:00,109.9,56,57,46,60,61,63,61,59,46,59,56,55,56,71,58,65,55,67,56,62,63,57,58,57,59
1,1022010 10:00,117.3,62,64,51,64,64,66,65,64,50,62,60,61,60,72,62,67,62,70,59,66,64,63,63,61,63
1,1022010 11:00,120,67,64,58,67,68,68,69,68,55,66,63,64,63,72,65,69,65,70,62,70,65,66,67,65,67
1,1022010 12:00,120.8,70,68,61,69,71,70,71,71,59,70,65,64,66,72,69,71,67,72,65,72,67,70,70,67,69
1,1022010 13:00,121,72,70,63,70,72,70,72,72,61,71,66,66,67,71,70,73,69,72,67,72,66,70,71,69,71
1,1022010 14:00,123.5,73,70,66,72,74,70,73,75,63,73,70,68,68,71,71,73,71,72,67,74,68,72,72,70,72
1,1022010 15:00,126.1,74,70,69,73,74,69,74,75,63,73,70,70,70,71,73,73,72,71,68,73,68,72,73,73,73
1,1022010 16:00,128.9,75,70,70,74,74,68,73,76,63,74,71,70,70,72,73,74,72,70,69,73,68,72,74,73,74
1,1022010 17:00,130.5,75,70,69,73,73,68,71,75,63,73,71,70,70,69,71,72,72,69,69,72,66,72,74,72,74
1,1022010 18:00,130.1,74,70,70,72,72,66,69,71,61,72,70,70,68,69,71,73,71,69,69,70,65,70,72,72,72
1,1022010 19:00,125.9,68,64,65,66,68,64,66,68,57,69,67,61,62,69,64,70,64,68,65,68,62,66,67,66,65
1,1022010 20:00,129.7,60,61,61,62,65,63,65,64,57,65,63,57,58,70,60,68,58,67,60,66,62,63,62,62,60
1,1022010 21:00,127.7,57,57,61,65,64,62,64,64,55,64,61,55,56,70,61,67,55,66,59,66,63,61,59,61,57
1,1022010 22:00,121.2,55,55,58,61,63,62,64,61,54,62,59,54,55,70,60,66,54,66,58,65,64,61,60,57,59
1,1022010 23:00,112.6,53,55,55,63,63,64,64,60,54,61,57,53,54,68,59,65,53,65,58,64,64,59,56,55,58
1,1032010 0:00,102.9,52,55,56,58,62,65,63,60,52,61,56,52,52,68,56,64,51,66,56,64,63,61,56,56,57
1,1032010 1:00,94,51,55,54,55,61,66,63,60,48,60,55,52,52,68,56,63,50,65,54,63,64,61,56,55,58
1,1032010 2:00,88,50,55,52,56,62,66,62,61,48,60,54,52,51,68,54,63,50,64,53,63,65,61,56,54,59
1,1032010 3:00,84.8,49,55,50,55,63,67,62,61,48,60,52,52,50,69,53,62,49,65,53,62,66,61,55,53,59
1,1032010 4:00,83.4,49,57,51,52,62,67,62,60,46,60,52,54,51,69,52,63,49,66,52,62,67,57,54,53,58
1,1032010 5:00,83.5,48,57,49,51,62,64,61,60,45,61,51,52,50,67,52,63,49,66,51,62,67,57,54,50,58
1,1032010 6:00,85.2,47,55,49,51,61,64,60,60,46,60,50,52,49,68,52,63,50,67,51,63,66,57,53,51,59
1,1032010 7:00,89.8,47,55,48,51,61,64,60,60,45,58,50,52,49,69,52,62,49,67,51,61,64,57,53,50,58
1,1032010 8:00,98.3,49,55,48,51,61,64,61,60,46,58,50,54,50,69,52,62,49,67,51,62,64,57,55,51,57
1,1032010 9:00,112.5,56,55,50,55,62,64,61,62,46,58,54,57,53,71,56,63,53,66,55,62,64,57,56,55,57
1,1032010 10:00,122.4,61,55,53,60,63,64,62,63,48,60,60,63,56,74,61,63,59,66,58,62,63,57,63,59,57
1,1032010 11:00,123.3,67,57,56,65,65,65,63,64,50,60,63,64,61,73,65,64,63,65,62,62,63,57,67,63,58
1,1032010 12:00,121.3,69,57,57,68,65,64,64,64,50,61,65,66,64,72,67,67,65,68,65,63,63,61,66,66,59
1,1032010 13:00,120.8,71,59,58,70,66,65,63,65,48,62,67,66,64,72,70,67,67,68,66,64,63,59,67,66,60
1,1032010 14:00,121.1,72,61,57,69,67,65,63,68,48,63,65,72,67,72,71,66,65,67,66,64,64,61,67,67,60
1,1032010 15:00,120.3,73,61,56,69,67,64,64,67,48,62,68,72,68,73,71,66,67,67,69,64,64,61,70,69,62
1,1032010 16:00,119.1,73,61,55,68,67,64,63,66,50,62,68,72,67,72,71,65,67,66,66,63,65,61,71,70,63
1,1032010 17:00,119.3,72,61,54,70,68,64,63,66,50,63,68,70,67,70,69,64,65,66,64,63,65,61,72,70,63
1,1032010 18:00,121.1,70,61,51,66,66,65,62,65,46,63,66,70,67,69,68,63,62,65,63,62,65,61,69,69,63
1,1032010 19:00,124.6,65,59,50,60,64,64,62,63,45,63,61,63,62,68,63,62,61,64,61,62,63,61,64,65,63
1,1032010 20:00,134.3,60,59,50,58,61,64,63,59,45,63,59,61,58,68,59,62,59,63,60,62,62,61,58,62,62
1,1032010 21:00,132.5,59,57,49,58,59,63,62,58,45,61,59,61,56,68,58,61,58,63,58,60,62,59,56,60,61
1,1032010 22:00,123.5,60,57,48,56,58,63,63,58,43,60,57,59,55,67,56,60,57,63,56,61,62,59,56,57,59
1,1032010 23:00,111.9,58,57,47,56,56,63,61,58,43,59,56,57,54,67,56,58,56,62,56,60,63,59,55,56,59
1,1042010 0:00,100.1,57,57,47,56,56,63,61,58,43,59,55,57,54,67,54,57,55,62,55,59,62,59,55,55,59
1,1042010 1:00,90.5,57,57,47,55,55,62,61,57,43,59,54,57,54,66,53,57,54,62,54,60,62,59,55,54,60
1,1042010 2:00,86.1,57,55,46,54,55,62,61,55,43,60,52,57,55,66,54,56,52,62,53,60,62,59,55,55,59
1,1042010 3:00,83.8,56,55,45,51,55,62,61,54,43,59,53,57,54,66,54,57,50,62,51,59,61,57,54,55,58
1,1042010 4:00,83.7,55,55,45,51,54,61,61,55,41,59,53,54,53,66,54,57,50,61,51,60,61,57,54,54,58
1,1042010 5:00,85.5,55,55,44,51,55,60,60,55,41,58,53,54,55,66,55,57,50,61,51,60,61,57,53,55,58
1,1042010 6:00,93.4,54,55,44,51,55,59,59,55,41,59,52,54,54,65,56,58,49,61,51,61,61,57,53,56,57
1,1042010 7:00,110.1,53,55,43,51,56,58,59,56,41,58,52,54,53,64,55,59,50,60,49,59,59,55,55,56,57
1,1042010 8:00,116.1,52,54,44,50,57,58,59,56,41,58,52,54,53,64,55,59,50,60,50,59,59,55,56,55,56
1,1042010 9:00,114.9,57,54,48,51,58,58,58,57,43,59,53,54,55,64,57,57,52,60,51,59,59,55,58,56,56
1,1042010 10:00,116.5,60,55,48,57,60,59,58,60,45,59,55,57,56,64,57,59,54,60,56,60,58,55,61,58,58
1,1042010 11:00,116.2,62,55,51,59,61,60,61,61,46,60,58,61,60,64,60,61,58,60,58,60,58,57,63,61,61
1,1042010 12:00,116.4,63,55,52,62,62,61,61,64,48,63,62,63,60,64,63,62,61,62,59,61,58,59,64,63,61
1,1042010 13:00,113.2,66,55,55,65,64,61,61,66,50,65,63,63,62,64,63,64,63,64,60,63,58,59,65,63,63
1,1042010 14:00,113.1,66,57,56,64,67,59,62,69,52,67,64,64,61,65,65,65,65,66,65,64,59,61,67,64,66
1,1042010 15:00,111.6,68,61,56,68,69,61,63,71,52,67,66,66,64,66,64,69,65,65,64,65,60,63,69,67,66
1,1042010 16:00,111.8,70,64,56,65,70,60,65,70,52,68,64,64,64,65,67,71,67,63,64,65,60,64,66,66,66
1,1042010 17:00,114.7,69,64,54,66,70,62,64,68,50,67,66,64,64,64,65,69,65,63,65,68,59,63,68,67,65
1,1042010 18:00,119.1,66,57,53,64,68,60,63,67,50,67,63,64,63,63,64,68,63,62,63,66,58,64,67,64,64
1,1042010 19:00,126.4,63,55,50,61,64,58,59,63,46,63,62,63,58,62,58,64,59,58,61,62,57,59,61,61,57
1,1042010 20:00,138,61,54,48,59,60,57,56,59,45,60,59,59,55,61,55,61,57,56,58,60,57,55,59,57,55
1,1042010 21:00,137.8,60,52,47,57,58,55,53,58,45,56,59,59,52,62,56,57,56,55,57,56,56,52,56,54,52
1,1042010 22:00,129.7,60,50,46,57,55,54,54,56,45,55,57,59,53,62,56,57,53,54,56,54,56,52,56,53,52
1,1042010 23:00,118.5,58,50,45,54,54,50,55,55,43,54,57,59,54,61,56,54,52,55,55,53,55,50,55,54,50
1,1052010 0:00,104.9,58,50,44,52,54,49,53,54,43,52,55,58,53,60,54,54,51,55,54,54,54,50,54,57,50
1,1052010 1:00,95.8,56,48,44,50,53,48,53,52,45,53,54,57,53,59,53,52,50,52,53,54,53,48,54,54,49
1,1052010 2:00,91.7,54,48,43,49,51,47,50,52,45,50,52,54,51,58,51,52,49,52,51,52,53,48,54,53,47
1,1052010 3:00,90.2,51,45,43,48,50,47,50,51,45,50,49,52,49,58,52,52,49,51,50,51,52,45,54,52,46
1,1052010 4:00,90.8,51,45,42,47,49,46,49,51,45,49,50,52,47,57,50,53,48,50,49,50,51,45,51,50,46
1,1052010 5:00,94.2,48,45,41,47,52,46,49,49,45,49,48,52,47,57,50,52,46,51,49,50,51,45,51,51,44
1,1052010 6:00,106.8,46,45,41,43,51,46,48,49,43,48,47,48,46,57,50,51,45,52,45,50,51,45,50,51,46
1,1052010 7:00,129.8,44,43,43,43,50,44,47,48,45,47,47,45,47,57,49,50,41,50,45,47,53,45,48,49,46
1,1052010 8:00,134.5,46,45,43,45,51,47,50,50,45,50,49,45,48,58,49,51,45,53,46,51,54,46,50,50,48
1,1052010 9:00,128.7,52,50,46,52,55,53,55,53,45,53,54,54,54,60,53,56,53,57,52,54,55,52,54,54,52
1,1052010 10:00,122.8,58,55,49,57,58,57,57,56,45,56,58,59,58,62,57,60,57,60,56,58,57,55,60,59,56
1,1052010 11:00,118.5,62,57,53,63,62,61,60,60,46,60,60,63,60,63,62,64,61,63,59,62,59,57,63,62,60
1,1052010 12:00,114.8,64,63,52,64,65,63,63,64,46,63,63,63,61,65,64,66,62,65,59,64,61,63,65,66,64
1,1052010 13:00,112.2,68,64,54,67,66,64,66,66,46,67,60,66,61,66,65,68,64,66,59,66,62,64,65,67,66
1,1052010 14:00,111.6,69,64,57,68,66,66,66,66,46,65,63,66,62,67,65,68,62,67,62,68,64,66,69,67,66
1,1052010 15:00,111.1,69,64,58,68,69,67,67,68,48,66,65,64,62,67,62,69,65,68,60,68,65,66,70,69,67
1,1052010 16:00,111.6,66,64,58,66,69,66,68,70,46,67,63,64,63,67,66,69,64,68,63,68,65,66,68,68,68
1,1052010 17:00,115.4,69,63,55,66,69,66,68,69,46,68,63,64,64,66,64,67,63,68,62,68,63,66,65,66,65
1,1052010 18:00,118.8,64,57,54,63,67,64,66,67,45,67,60,63,60,65,62,67,62,64,60,66,63,64,67,65,64
1,1052010 19:00,124.3,61,55,53,59,61,60,62,64,45,64,56,57,56,59,57,63,58,64,57,59,61,57,62,61,63
1,1052010 20:00,137.6,57,55,50,54,58,57,56,58,45,61,53,52,54,58,52,58,54,58,54,57,58,57,59,57,61
1,1052010 21:00,136.8,56,54,48,53,57,53,53,59,45,60,52,54,51,56,49,58,52,59,52,54,56,55,56,55,57
1,1052010 22:00,129.3,53,55,46,50,55,52,50,56,43,58,51,52,50,54,47,57,46,57,51,53,54,55,53,50,54
1,1052010 23:00,117.3,47,50,43,50,54,49,54,55,43,55,48,52,48,57,47,56,46,54,48,55,50,54,50,49,50
1,1062010 0:00,104.9,45,50,42,47,49,48,53,53,43,53,47,48,47,58,47,54,47,58,48,54,52,52,49,48,49
1,1062010 1:00,96.8,44,46,40,48,50,51,51,49,43,50,46,45,45,59,46,52,43,56,48,52,53,48,48,47,50
1,1062010 2:00,93,43,45,40,47,49,50,51,49,43,49,47,45,45,59,46,52,43,54,48,48,52,50,49,46,49
1,1062010 3:00,92.9,43,45,38,48,48,49,47,48,43,48,47,41,46,60,46,49,41,53,47,48,50,48,47,46,47
1,1062010 4:00,94.3,43,45,37,46,47,48,49,48,43,47,45,41,46,59,47,49,40,54,47,47,53,48,45,46,44
1,1062010 5:00,98.9,43,43,37,45,46,46,48,45,43,47,46,39,46,59,46,50,41,53,48,46,49,46,45,45,44
1,1062010 6:00,111.6,43,43,36,44,45,46,46,44,43,45,45,41,44,58,46,48,38,53,46,46,48,45,45,45,44
1,1062010 7:00,135.5,42,43,34,44,44,46,46,45,43,44,45,39,43,57,45,48,38,52,43,44,51,46,44,45,43
1,1062010 8:00,137.7,44,45,34,44,45,48,49,47,45,46,46,45,45,58,45,48,38,53,44,46,51,46,46,45,46
1,1062010 9:00,130.3,50,50,39,52,52,52,54,53,46,52,51,54,50,60,50,56,50,55,50,51,55,52,52,51,51
1,1062010 10:00,125.2,56,54,52,59,58,56,57,57,50,57,56,57,55,61,55,59,58,58,55,57,58,55,58,56,56
1,1062010 11:00,120.8,64,57,57,63,62,60,60,61,52,61,60,63,58,62,59,62,62,61,60,60,60,57,63,60,59
1,1062010 12:00,117.4,68,57,61,66,64,62,62,64,54,62,64,64,61,63,62,65,66,62,63,63,62,61,66,63,62
1,1062010 13:00,113.6,71,61,62,68,66,62,65,66,55,64,65,68,62,63,64,66,69,63,66,64,60,63,68,66,64
1,1062010 14:00,113,71,64,63,70,68,62,65,68,55,66,68,68,62,63,66,68,71,65,67,66,60,64,69,67,63
1,1062010 15:00,110.9,72,63,65,71,70,64,67,70,57,67,68,70,62,64,66,69,72,66,69,67,61,63,69,66,66
1,1062010 16:00,110.9,72,64,64,72,70,64,67,71,59,69,68,71,65,64,68,70,73,67,68,68,63,66,71,69,67
1,1062010 17:00,115.1,72,64,65,72,71,63,67,70,59,68,70,72,66,65,69,70,72,67,69,68,62,64,71,69,66
1,1062010 18:00,120.6,71,63,63,70,69,61,65,70,57,68,69,67,64,65,68,69,71,65,68,66,61,64,70,69,65
1,1062010 19:00,125.2,65,55,59,64,62,57,61,63,55,64,65,62,60,63,61,64,65,61,66,61,59,57,65,65,57
1,1062010 20:00,139.8,59,54,55,60,57,50,54,57,55,59,60,57,56,63,55,57,56,56,58,53,56,52,59,58,52
1,1062010 21:00,139.5,58,50,54,59,56,49,52,54,54,56,56,52,53,62,54,54,53,53,52,52,53,52,58,54,51
1,1062010 22:00,133.4,52,50,51,58,54,49,50,54,54,54,57,52,54,62,51,54,51,53,56,52,52,48,57,55,49
1,1062010 23:00,121.6,49,50,52,54,54,50,50,53,54,51,53,52,48,62,50,54,48,52,50,51,49,50,54,53,48
1,1072010 0:00,108.7,47,50,51,52,52,52,52,54,54,51,51,53,50,63,48,52,46,53,53,53,56,48,52,50,47
1,1072010 1:00,100.4,48,46,50,53,52,53,52,52,54,51,54,53,50,63,49,53,44,56,55,52,57,48,48,49,47
1,1072010 2:00,96.6,46,46,49,53,53,54,52,54,52,50,54,53,49,62,49,52,44,60,56,52,55,52,50,50,48
1,1072010 3:00,95.6,46,48,48,48,52,50,50,53,52,50,53,54,49,62,48,53,43,61,48,51,53,48,48,50,50
1,1072010 4:00,96.5,48,46,51,49,50,52,51,52,52,50,52,50,52,64,50,53,42,61,46,50,53,48,49,49,49
1,1072010 5:00,100.4,46,45,52,48,49,50,49,52,52,50,54,46,52,63,50,53,42,60,47,50,54,48,49,48,48
1,1072010 6:00,113.1,45,46,53,48,49,52,49,50,52,49,55,43,50,62,52,52,41,58,51,49,54,50,47,47,52
1,1072010 7:00,136.2,43,48,52,52,47,53,49,50,52,50,54,45,51,63,50,52,41,56,53,48,53,48,47,48,50
1,1072010 8:00,137.6,46,50,53,47,51,55,51,53,52,51,54,48,54,64,53,53,42,57,53,50,56,52,51,49,49
1,1072010 9:00,129,57,55,55,57,59,60,60,59,54,59,60,60,59,67,58,59,52,62,57,57,59,57,58,57,58
1,1072010 10:00,123.6,65,64,60,64,65,65,64,65,57,64,64,70,64,68,64,67,65,66,62,64,64,63,68,64,65
1,1072010 11:00,119.9,71,70,65,71,71,70,69,71,61,69,69,72,69,69,71,72,73,70,66,70,68,68,73,71,71
1,1072010 12:00,118.4,77,73,68,74,74,73,73,75,63,72,72,74,72,70,74,75,76,72,70,73,72,72,77,75,74
1,1072010 13:00,115.7,80,75,72,77,76,76,76,77,68,76,75,77,75,71,76,77,77,75,74,76,75,75,80,78,77
1,1072010 14:00,116.9,80,75,73,79,78,76,78,78,68,80,78,81,76,73,78,79,78,75,78,77,77,77,82,80,79
1,1072010 15:00,120.4,81,79,75,79,80,78,79,80,68,81,81,81,78,73,79,80,80,77,80,79,78,79,82,80,80
1,1072010 16:00,123,82,79,75,81,80,78,80,81,68,82,81,81,78,74,80,81,81,77,82,79,78,81,82,82,80
1,1072010 17:00,128.8,82,75,73,81,80,77,79,81,68,80,82,81,79,73,79,80,82,76,81,78,78,79,82,81,79
1,1072010 18:00,131.9,80,75,72,79,78,75,77,80,66,79,79,79,77,72,77,78,80,74,79,76,76,75,80,79,77
1,1072010 19:00,133.3,74,66,68,73,71,68,71,75,64,75,73,63,73,69,70,71,74,70,76,69,71,68,74,73,67
1,1072010 20:00,142.4,65,61,63,70,67,63,62,70,63,68,69,61,62,68,65,68,72,68,71,65,66,63,70,69,64
1,1072010 21:00,139.3,67,57,60,67,64,61,62,66,61,64,68,59,60,67,67,66,69,67,69,64,65,61,64,67,60
1,1072010 22:00,129.5,62,55,58,67,62,62,60,65,59,64,67,59,67,70,67,63,68,65,67,62,69,59,62,60,58
1,1072010 23:00,115.7,58,55,59,64,61,61,57,60,59,62,65,63,64,65,67,62,61,63,66,59,68,55,59,65,56
1,1082010 0:00,101.3,55,57,58,62,60,63,57,63,59,60,63,63,61,62,65,62,64,60,63,60,68,55,59,66,61
1,1082010 1:00,92.1,54,55,57,60,58,61,56,63,59,61,63,63,59,61,64,58,60,59,60,61,66,59,57,64,60
1,1082010 2:00,87.2,53,54,55,59,58,58,53,64,57,63,60,59,56,67,62,58,53,57,61,59,67,57,58,61,54
1,1082010 3:00,85.5,50,50,52,58,58,61,60,63,55,61,54,55,54,66,56,55,51,60,54,57,56,57,55,57,54
1,1082010 4:00,85.3,49,50,49,58,58,60,60,58,57,59,59,52,51,66,54,56,50,61,55,59,54,54,54,56,52
1,1082010 5:00,88.2,48,50,47,52,60,57,59,56,55,55,55,52,49,67,50,57,48,60,53,58,52,50,52,53,49
1,1082010 6:00,98.1,46,48,46,56,58,56,58,55,54,54,54,51,48,67,49,56,46,57,48,59,51,48,50,50,49
1,1082010 7:00,116.5,46,46,48,57,58,55,58,54,54,52,50,49,47,66,47,56,46,59,48,58,50,48,49,49,49
1,1082010 8:00,124.1,46,50,45,50,57,56,60,55,55,52,53,48,49,67,49,59,46,62,51,61,52,54,50,49,49
1,1082010 9:00,122.6,55,55,51,62,63,63,63,60,57,60,61,60,58,69,59,64,54,66,61,65,64,59,57,58,59
1,1082010 10:00,121.9,62,64,61,68,67,67,67,67,59,66,66,66,64,71,67,69,65,69,66,68,68,64,64,65,66
1,1082010 11:00,121.8,68,66,64,72,70,69,69,69,63,68,70,72,69,71,69,73,71,72,69,70,69,68,69,70,69
1,1082010 12:00,120.7,73,70,68,73,73,70,72,71,64,71,71,72,71,73,73,74,72,74,70,72,69,70,72,72,71
1,1082010 13:00,119.1,75,70,71,76,75,73,72,74,68,73,73,74,72,71,73,76,74,74,72,75,69,72,74,73,72
1,1082010 14:00,121.3,76,73,72,76,77,74,75,76,70,75,75,77,72,72,76,78,76,74,74,77,72,73,76,74,73
1,1082010 15:00,124.7,78,73,75,77,77,75,75,78,72,76,76,77,74,72,76,79,76,76,75,78,73,73,76,77,75
1,1082010 16:00,128.6,78,73,75,77,78,75,77,78,72,77,76,77,75,73,76,80,77,76,76,79,73,75,77,78,75
1,1082010 17:00,133.5,78,73,76,77,78,72,76,78,68,76,76,74,74,73,76,79,78,76,75,78,73,73,77,78,75
1,1082010 18:00,134.4,76,70,75,75,74,70,75,77,66,75,74,72,72,70,72,77,75,73,74,75,72,72,76,75,74
1,1082010 19:00,131.3,69,63,68,70,67,62,63,67,64,68,68,64,64,63,65,69,64,66,71,64,66,59,69,66,61
1,1082010 20:00,135.4,61,55,64,63,63,61,59,63,64,62,65,57,60,59,60,64,57,63,63,58,63,57,60,62,56
1,1082010 21:00,130.8,57,55,59,60,60,61,57,60,64,59,63,57,56,57,58,61,54,60,61,56,60,55,56,59,54
1,1082010 22:00,124.3,55,54,55,56,57,59,55,57,63,56,59,54,54,57,57,59,53,57,57,55,59,54,55,57,51
1,1082010 23:00,114.6,53,50,54,59,56,55,54,56,61,54,58,52,56,59,58,57,51,57,56,54,59,52,55,58,50
1,1092010 0:00,104.4,52,50,50,58,54,55,52,55,61,53,57,51,55,58,55,57,50,57,54,53,56,52,53,55,49
1,1092010 1:00,95.8,50,50,50,56,54,58,53,54,59,53,59,50,54,58,53,55,49,56,53,52,53,52,53,55,49
1,1092010 2:00,90.5,48,48,48,49,52,58,51,54,61,51,53,49,54,59,54,56,48,56,55,51,53,50,51,53,49
1,1092010 3:00,88.7,48,48,45,48,52,56,51,53,59,51,55,49,54,64,53,54,47,55,55,50,53,48,51,54,47
1,1092010 4:00,88.4,47,50,46,53,52,56,50,52,57,51,54,48,53,63,54,54,46,54,56,50,53,48,51,52,47
1,1092010 5:00,89.9,46,48,45,49,51,53,49,52,57,49,53,47,54,62,53,53,46,51,55,49,53,48,50,53,48
1,1092010 6:00,94.7,45,48,45,49,51,56,49,52,55,49,50,46,51,62,54,52,47,53,55,48,53,52,50,50,49
1,1092010 7:00,102.8,45,45,43,48,50,55,48,50,55,51,54,49,52,61,53,52,46,53,54,49,52,50,50,49,46
1,1092010 8:00,113.5,46,50,43,50,52,56,50,54,57,52,53,51,53,64,53,53,47,55,55,53,54,54,51,49,48
1,1092010 9:00,123.4,54,55,49,57,63,61,61,62,61,58,63,54,63,68,60,63,57,66,60,59,60,61,58,57,58
1,1092010 10:00,126.2,63,64,55,64,69,65,68,69,64,66,68,67,66,71,69,69,66,71,65,66,66,66,68,65,63
1,1092010 11:00,125.3,70,70,64,73,74,71,74,74,66,70,75,75,69,73,74,75,73,74,74,73,72,70,72,73,69
1,1092010 12:00,124.5,76,75,70,78,77,75,77,77,70,75,77,77,73,73,76,78,78,75,77,76,78,73,77,77,73
1,1092010 13:00,125.5,79,75,74,80,79,78,78,78,72,78,78,79,78,74,80,80,81,77,78,78,79,77,80,78,76
1,1092010 14:00,129,82,79,76,81,80,80,80,80,73,79,80,81,80,75,81,81,82,77,80,79,79,79,82,80,79
1,1092010 15:00,133.2,83,79,76,82,81,82,81,82,75,81,80,82,80,75,81,82,83,77,82,80,80,81,84,82,81
1,1092010 16:00,138.5,85,81,77,83,82,82,82,83,75,82,82,82,80,75,82,82,83,77,81,81,79,81,84,83,82
1,1092010 17:00,142.6,84,79,78,82,82,81,81,82,75,80,81,79,79,76,82,82,83,76,82,81,79,81,84,83,80
1,1092010 18:00,144.1,82,75,75,81,78,74,79,81,73,80,81,72,75,74,77,80,80,74,80,78,78,75,83,82,78
1,1092010 19:00,137.8,71,64,69,75,71,68,67,71,70,73,76,63,69,71,68,72,66,70,71,67,70,64,69,72,66
1,1092010 20:00,142,64,63,62,68,67,62,63,66,66,65,70,59,65,71,64,68,61,71,68,67,67,61,64,67,60
1,1092010 21:00,134.8,59,57,59,57,67,60,59,63,68,62,67,57,60,71,60,67,58,67,65,64,65,59,62,63,57
1,1092010 22:00,123.6,56,57,56,63,65,59,58,63,66,61,63,56,61,67,60,67,55,66,62,63,64,57,59,50,58
1,1092010 23:00,116.1,55,55,53,62,62,60,57,61,64,59,62,55,57,68,58,61,54,64,60,59,63,55,58,57,55
1,10102010 0:00,106.8,54,55,51,55,60,57,57,59,61,57,62,54,56,68,57,60,53,64,59,60,62,55,54,58,54
1,10102010 1:00,95.9,52,55,49,56,59,57,55,58,61,55,59,53,56,68,56,60,52,63,57,59,60,55,55,58,54
1,10102010 2:00,89.7,51,54,48,58,57,57,54,57,61,56,61,52,55,68,55,60,52,58,55,60,60,54,55,57,53
1,10102010 3:00,87,51,54,47,58,56,55,53,57,57,54,58,52,54,66,55,58,51,63,54,59,60,52,55,56,51
1,10102010 4:00,85.3,50,54,46,53,56,57,54,56,52,55,57,52,54,65,54,58,50,61,54,55,57,52,54,55,52
1,10102010 5:00,85.3,49,54,46,51,56,57,53,56,50,54,56,52,53,64,53,59,50,62,55,55,57,52,53,54,51
1,10102010 6:00,88.1,49,50,45,54,53,54,53,54,54,53,55,52,53,61,53,58,49,59,55,54,57,52,53,54,51
1,10102010 7:00,94,48,50,44,51,54,55,52,54,52,52,54,52,53,58,51,56,49,56,55,54,56,48,50,53,50
1,10102010 8:00,104.2,49,52,44,53,55,56,54,53,52,53,56,56,55,60,52,56,50,58,55,54,57,54,51,53,51
1,10102010 9:00,118.9,56,57,49,61,63,64,61,62,54,59,63,61,61,70,62,64,60,64,64,61,65,61,58,61,61
1,10102010 10:00,127.2,64,70,56,69,69,71,70,69,61,66,72,73,65,74,71,70,68,69,70,68,72,70,70,69,66
1,10102010 11:00,126.8,71,73,63,76,76,75,76,76,66,75,78,77,70,76,76,76,75,74,75,74,77,75,76,73,73
1,10102010 12:00,129.1,76,75,69,80,80,78,78,80,72,80,80,78,74,78,79,80,79,78,78,77,80,79,80,77,77
1,10102010 13:00,135,81,79,74,84,82,80,82,82,73,82,82,79,77,78,82,82,81,80,79,81,82,81,84,82,81
1,10102010 14:00,141.9,84,79,77,83,83,80,82,84,77,84,84,80,80,79,84,83,83,82,81,82,83,82,87,84,83
1,10102010 15:00,148.9,85,82,79,84,84,81,83,84,77,85,83,81,82,79,85,85,84,81,82,82,83,82,88,86,84
1,10102010 16:00,153.9,86,82,79,84,84,81,84,85,75,85,84,82,82,79,85,84,85,80,84,82,84,82,87,86,84
1,10102010 17:00,156.5,86,81,79,83,83,80,82,85,72,85,83,79,82,78,83,84,84,78,82,82,83,81,87,85,84
1,10102010 18:00,155.9,83,75,77,82,79,76,77,82,72,82,81,75,79,76,78,80,82,75,81,76,81,79,84,82,81
1,10102010 19:00,149.4,73,70,71,75,72,71,72,73,70,76,76,64,71,75,71,74,69,70,77,71,74,68,78,75,69
1,10102010 20:00,154.9,69,64,64,71,71,65,68,67,68,71,70,63,67,75,67,70,64,69,69,69,69,64,69,70,65
1,10102010 21:00,150.2,67,64,60,70,69,66,67,69,66,67,66,61,66,75,65,68,61,68,68,69,67,63,67,69,63
1,10102010 22:00,138.1,63,61,58,67,67,67,67,68,63,67,66,59,64,75,64,68,59,68,64,67,66,63,64,68,60
1,10102010 23:00,122.2,60,61,55,67,66,67,65,66,61,67,63,58,62,75,64,69,57,66,70,66,67,63,64,67,60
1,10112010 0:00,108.2,59,63,53,63,65,66,65,65,59,65,61,57,62,75,63,69,56,65,67,65,66,63,63,66,61
1,10112010 1:00,97.2,57,63,52,62,64,65,64,64,59,64,61,57,61,75,64,68,54,64,65,65,67,63,62,65,62
1,10112010 2:00,91.7,56,61,50,61,64,63,63,64,55,64,62,55,61,74,62,67,54,65,64,65,68,61,61,62,58
1,10112010 3:00,89,54,57,49,60,65,63,63,64,55,64,58,54,59,73,61,67,53,64,59,64,69,61,60,61,57
1,10112010 4:00,88.3,54,57,47,59,63,62,62,64,55,64,59,54,58,72,60,66,52,62,60,63,67,61,59,59,58
1,10112010 5:00,89.6,53,55,47,58,62,61,62,64,55,63,57,53,57,72,58,65,51,62,59,62,62,61,58,59,57
1,10112010 6:00,97.1,51,55,46,58,62,60,61,63,54,62,57,52,55,71,59,63,50,62,60,62,61,61,59,58,57
1,10112010 7:00,114.4,51,55,46,55,59,60,60,62,54,61,59,52,56,69,56,63,50,61,57,61,64,61,56,58,57
1,10112010 8:00,119,51,57,44,57,61,63,62,63,54,61,57,57,56,70,57,64,50,62,54,61,62,63,57,59,56
1,10112010 9:00,121.9,60,64,49,62,67,68,66,66,57,66,63,63,64,73,65,69,58,67,62,65,67,68,64,62,64
1,10112010 10:00,125.5,70,70,57,67,72,72,71,72,61,71,70,73,71,76,72,73,69,71,68,70,72,73,72,71,71
1,10112010 11:00,130.7,76,75,64,74,77,77,77,77,70,76,76,77,77,77,77,78,74,75,74,75,76,77,79,78,77
1,10112010 12:00,139,81,79,72,79,80,81,80,81,73,80,81,82,82,77,80,81,78,79,78,79,80,81,83,81,81
1,10112010 13:00,145.9,83,84,77,82,82,84,83,83,75,84,83,83,84,79,83,83,81,81,80,82,83,82,84,84,84
1,10112010 14:00,154.9,85,84,78,83,84,85,85,84,75,85,83,84,85,80,84,84,83,80,82,83,85,84,85,86,85
1,10112010 15:00,163.8,85,84,78,83,84,85,84,85,73,85,84,84,86,80,85,84,85,78,83,83,86,84,86,86,86
1,10112010 16:00,170.5,86,84,78,84,84,84,84,85,75,85,84,83,85,79,85,84,85,78,83,84,87,84,85,86,86
1,10112010 17:00,174.5,85,84,78,83,83,83,83,84,75,84,83,82,84,78,84,81,85,77,83,81,86,82,84,85,84
1,10112010 18:00,174.2,83,79,77,82,81,80,79,82,73,82,81,77,80,77,81,79,82,75,81,77,84,79,81,82,80
1,10112010 19:00,169.9,76,72,70,74,75,72,73,75,70,76,76,72,72,76,72,75,68,74,78,73,76,70,78,74,70
1,10112010 20:00,173.1,67,70,66,71,72,69,71,72,66,72,72,67,69,76,68,72,63,74,70,71,72,66,68,73,69
1,10112010 21:00,163.4,63,64,62,68,70,69,69,70,66,70,69,62,68,76,65,70,60,74,65,70,74,66,65,71,66
1,10112010 22:00,149.6,62,64,58,69,69,70,67,69,64,70,65,57,66,76,64,71,58,74,64,69,75,68,61,68,66
1,10112010 23:00,133.2,61,64,56,67,68,69,67,68,64,69,64,57,65,76,62,70,57,73,64,69,71,68,65,66,62
1,10122010 0:00,115.6,59,64,53,65,67,68,66,67,57,67,64,57,63,76,61,70,56,73,61,68,72,66,70,65,64
1,10122010 1:00,103.6,58,64,50,64,66,66,65,67,57,67,62,57,62,75,60,70,55,73,58,69,69,66,66,64,62
1,10122010 2:00,96.8,56,64,50,63,66,66,66,66,55,66,61,56,61,75,59,70,54,74,57,68,66,64,65,62,60
1,10122010 3:00,93.5,57,63,49,63,66,65,66,65,57,65,61,55,60,75,58,69,54,74,58,68,65,64,65,60,61
1,10122010 4:00,91.6,59,59,49,61,66,63,66,64,55,65,58,54,60,75,59,68,53,73,57,67,63,64,63,63,60
1,10122010 5:00,92.8,53,59,48,57,65,63,66,64,57,65,57,54,58,75,58,67,51,73,55,67,62,64,64,62,61
1,10122010 6:00,100.7,53,57,46,56,64,61,65,64,61,65,55,54,57,73,58,67,51,72,54,66,62,63,61,58,60
1,10122010 7:00,117.5,53,57,46,56,65,60,64,64,61,63,57,57,55,73,58,67,50,72,55,65,63,61,59,57,58
1,10122010 8:00,121.9,53,61,46,57,66,63,65,64,61,62,54,60,57,73,58,67,51,72,56,65,64,63,60,57,59
1,10122010 9:00,121.4,61,64,49,63,69,67,69,67,63,66,63,63,62,74,64,69,59,73,63,68,67,66,66,62,64
1,10122010 10:00,124.9,68,70,56,69,72,72,74,71,64,70,72,66,70,75,70,74,67,75,69,72,71,72,72,70,70
1,10122010 11:00,132.2,74,73,64,74,76,75,77,75,70,74,78,79,75,77,76,78,74,76,75,76,74,73,77,77,75
1,10122010 12:00,141.2,78,79,70,78,80,79,81,78,70,79,81,82,80,78,80,81,79,78,77,80,77,79,83,80,79
1,10122010 13:00,147.5,83,81,73,82,82,83,84,82,72,83,83,82,82,80,84,84,83,79,81,83,82,82,86,84,82
1,10122010 14:00,158.4,85,84,71,84,85,84,85,85,73,85,84,84,83,79,85,86,85,79,83,83,84,84,88,87,85
1,10122010 15:00,167.1,87,84,73,85,86,85,85,86,73,86,85,84,84,80,86,87,83,79,84,84,85,84,87,87,86
1,10122010 16:00,174.3,85,84,76,85,86,85,86,86,73,87,84,82,83,80,84,87,83,79,83,85,85,84,87,87,86
1,10122010 17:00,180,85,84,71,83,85,83,85,85,72,85,83,82,82,79,84,84,82,78,83,84,84,84,85,86,84
1,10122010 18:00,179.8,82,75,66,78,82,77,79,81,70,82,80,81,77,78,78,80,75,76,81,80,82,79,82,81,79
1,10122010 19:00,171.5,74,70,62,74,75,72,68,77,68,73,75,66,70,77,71,76,70,75,78,71,74,70,75,76,70
1,10122010 20:00,170.4,73,64,60,73,74,70,67,74,64,69,73,66,68,76,69,74,68,74,75,73,71,67,71,74,66
1,10122010 21:00,159.3,69,64,59,73,72,69,66,71,64,69,74,64,65,75,69,73,71,75,70,72,68,64,68,69,62
1,10122010 22:00,145.4,70,64,58,72,70,66,69,71,64,67,71,68,67,75,68,72,69,74,68,70,69,64,67,72,64
1,10122010 23:00,129.6,69,64,58,68,69,67,69,71,63,69,70,66,68,75,72,72,67,74,67,71,67,63,68,70,66
1,10132010 0:00,113.4,69,64,58,67,68,66,68,70,61,68,67,69,67,73,69,71,65,74,65,71,67,64,68,70,67
1,10132010 1:00,101.5,68,64,56,66,67,65,68,70,59,67,64,72,68,73,67,71,64,74,64,69,73,64,68,68,64
1,10132010 2:00,95.9,62,64,56,63,69,66,67,70,57,67,64,70,70,73,68,71,61,74,64,68,71,63,68,67,66
1,10132010 3:00,93.2,62,63,54,61,68,66,66,69,55,67,64,63,70,72,68,70,57,73,63,67,70,63,68,64,66
1,10132010 4:00,91.8,61,61,53,57,67,61,65,67,57,66,63,63,67,72,69,69,56,74,62,66,69,66,66,63,69
1,10132010 5:00,92.9,60,64,52,59,65,62,65,67,57,64,64,63,66,72,67,68,55,73,62,65,69,63,65,67,68
1,10132010 6:00,100.3,60,64,51,59,64,65,64,66,55,65,64,61,65,71,66,66,58,70,63,65,68,63,65,65,66
1,10132010 7:00,118.3,60,63,50,59,64,66,63,65,55,65,63,59,63,70,66,65,57,69,62,64,67,61,64,65,65
1,10132010 8:00,124.3,61,64,49,58,64,67,64,65,55,65,64,59,63,70,65,65,57,70,61,65,67,63,64,65,65
1,10132010 9:00,121.4,63,64,51,62,66,69,67,68,54,66,65,64,62,71,65,68,59,71,64,66,67,64,67,66,65
1,10132010 10:00,125.1,68,64,54,65,70,70,70,72,55,69,66,64,64,73,68,72,63,73,64,71,67,66,71,67,68
1,10132010 11:00,127.1,72,64,61,73,74,71,72,74,59,70,68,70,65,74,71,76,70,72,65,74,66,70,73,71,69
1,10132010 12:00,130.3,75,70,66,76,75,70,75,75,61,73,69,72,69,76,73,76,74,74,66,77,66,70,76,73,70
1,10132010 13:00,130.8,77,72,69,77,77,68,78,78,64,74,71,77,71,78,74,78,76,77,66,78,68,72,78,76,73
1,10132010 14:00,135.5,79,73,71,76,79,70,79,81,66,76,70,77,73,77,77,79,77,79,67,79,66,72,78,75,76
1,10132010 15:00,141.2,80,73,69,79,81,71,80,82,64,77,69,79,74,75,77,81,78,80,70,82,67,75,79,78,77
1,10132010 16:00,145.2,80,75,69,79,81,70,79,82,59,78,71,79,74,74,77,82,78,78,72,80,67,75,79,77,77
1,10132010 17:00,149.6,80,73,66,79,81,69,77,81,55,77,72,77,73,71,76,81,77,75,71,80,66,75,78,77,77
1,10132010 18:00,148.6,78,70,65,77,77,67,74,78,57,75,71,75,70,70,74,80,74,74,70,77,65,72,76,74,74
1,10132010 19:00,147.7,71,70,64,72,72,65,71,72,57,72,67,70,64,69,69,75,68,71,67,74,64,70,69,70,67
1,10132010 20:00,151.3,66,64,62,67,70,63,69,70,55,69,64,63,64,69,64,70,62,69,62,73,63,66,65,68,64
1,10132010 21:00,144,64,64,61,70,68,63,67,68,55,67,63,63,62,68,63,68,60,68,60,72,63,64,64,65,65
1,10132010 22:00,133.7,61,61,60,68,66,62,65,68,55,67,62,63,62,68,62,65,60,68,59,70,62,63,63,64,64
1,10132010 23:00,119.7,60,59,57,70,64,62,64,67,54,65,59,59,64,67,62,66,64,67,58,67,62,63,64,63,64
1,10142010 0:00,105,60,57,58,68,64,61,63,65,54,64,61,59,63,67,60,69,62,65,59,66,62,63,61,64,62
1,10142010 1:00,94.4,60,55,57,64,63,58,62,65,52,63,60,59,61,67,60,68,60,64,61,65,61,61,61,64,63
1,10142010 2:00,89.6,60,55,54,64,61,57,61,64,52,63,60,57,61,67,61,69,60,63,58,65,59,61,65,63,62
1,10142010 3:00,87.2,57,55,55,64,62,58,61,64,52,63,59,63,61,67,61,68,60,64,57,64,61,63,67,64,62
1,10142010 4:00,87.2,58,55,57,63,62,55,59,66,55,63,58,63,61,66,61,66,60,63,58,64,60,63,67,63,62
1,10142010 5:00,89.2,57,55,57,60,64,58,63,65,52,62,59,59,62,66,62,64,60,64,58,64,63,63,67,63,62
1,10142010 6:00,98.1,56,55,56,60,64,61,62,66,54,63,59,59,62,66,61,63,60,63,58,64,62,61,67,63,62
1,10142010 7:00,115.2,56,55,56,61,64,61,62,66,52,62,57,63,60,67,61,62,59,63,58,63,62,63,67,61,63
1,10142010 8:00,121.9,58,57,56,60,63,63,63,66,52,63,58,63,60,67,61,64,59,65,58,64,63,63,66,62,63
1,10142010 9:00,119.3,60,61,55,62,64,66,66,68,52,63,59,63,60,71,61,70,60,70,59,66,65,63,67,62,64
1,10142010 10:00,121.3,62,63,57,64,68,69,68,68,54,64,60,63,60,75,61,76,61,75,61,71,66,64,68,61,63
1,10142010 11:00,123.7,66,61,61,64,75,64,72,71,54,66,62,64,62,77,61,78,61,75,62,78,66,64,62,62,63
1,10142010 12:00,126.9,70,64,62,65,77,67,78,75,54,62,62,64,62,77,63,81,65,77,63,79,65,63,63,63,62
1,10142010 13:00,125.9,68,64,63,69,77,61,79,74,55,63,65,64,65,78,66,81,67,79,65,78,62,61,66,66,63
1,10142010 14:00,124.7,68,64,62,70,76,62,66,74,57,67,66,68,66,78,65,81,70,78,65,69,62,63,68,68,64
1,10142010 15:00,125,69,64,64,72,76,63,70,71,57,68,68,70,68,70,67,74,72,67,69,72,65,66,70,67,69
1,10142010 16:00,123.9,72,64,63,72,72,63,70,70,55,70,71,72,67,66,64,72,72,67,67,71,65,66,70,69,70
1,10142010 17:00,125.3,71,64,61,70,70,65,68,71,55,69,71,72,67,66,68,70,71,69,68,69,65,66,70,69,67
1,10142010 18:00,129.3,71,64,59,70,71,64,67,70,54,68,67,70,65,67,65,69,68,67,65,68,63,66,69,67,68
1,10142010 19:00,134.2,64,64,56,65,67,62,65,66,52,67,62,64,62,67,63,67,63,67,61,67,60,63,65,65,65
1,10142010 20:00,141.4,63,61,54,60,64,62,65,64,50,65,59,61,60,67,61,66,53,66,60,65,61,63,62,63,64
1,10142010 21:00,137.6,59,57,51,57,61,60,64,63,48,63,52,54,58,66,57,64,48,66,58,62,61,63,61,61,62
1,10142010 22:00,128.9,55,55,47,55,59,58,62,60,48,63,52,52,57,66,56,63,47,65,57,61,60,57,59,58,59
1,10142010 23:00,116.1,49,54,43,54,60,55,60,60,48,60,54,48,55,64,55,61,46,64,55,61,58,57,56,57,56
1,10152010 0:00,103.2,46,52,43,51,56,55,58,58,46,58,53,50,53,64,51,60,44,63,54,59,58,55,53,56,54
1,10152010 1:00,94,44,50,41,50,54,55,56,57,46,56,50,52,51,63,51,57,43,61,53,57,57,54,50,55,53
1,10152010 2:00,89.5,44,50,38,49,52,54,54,56,46,54,49,52,47,63,48,55,44,60,53,55,58,52,49,51,52
1,10152010 3:00,88.8,42,45,42,47,51,53,53,51,45,51,48,50,46,63,48,54,45,59,52,53,56,46,48,49,50
1,10152010 4:00,88.9,41,45,40,47,50,51,51,51,45,49,44,52,51,62,49,52,42,57,51,51,55,46,46,45,46
1,10152010 5:00,93,40,45,39,45,49,48,51,50,43,47,47,42,49,60,48,51,40,55,48,48,54,46,47,45,47
1,10152010 6:00,105.1,39,43,38,43,48,48,50,49,45,47,46,41,49,60,47,50,40,54,46,48,52,46,43,45,44
1,10152010 7:00,128.6,40,43,37,42,47,46,47,49,45,47,45,39,47,60,43,50,39,54,45,46,50,45,43,46,43
1,10152010 8:00,136.6,42,45,37,45,47,49,50,48,46,47,47,39,47,60,44,51,38,55,45,48,50,46,44,44,45
1,10152010 9:00,131.5,49,50,42,50,54,54,56,54,48,52,50,51,53,62,50,57,50,57,50,53,55,54,52,50,52
1,10152010 10:00,126.5,57,55,50,56,60,58,61,63,52,58,54,57,59,64,56,63,57,61,52,60,60,61,59,57,59
1,10152010 11:00,122.3,64,61,59,62,64,63,64,67,55,64,58,63,63,66,60,66,62,65,56,64,64,63,65,63,63
1,10152010 12:00,119,68,64,62,66,67,65,67,68,54,67,61,64,64,66,64,68,66,66,58,67,64,66,67,66,66
1,10152010 13:00,116.3,70,64,65,69,70,67,69,69,54,70,62,70,63,67,63,70,69,67,61,69,66,66,70,68,68
1,10152010 14:00,115.2,72,64,67,72,71,67,70,71,55,70,66,72,60,67,66,71,71,68,64,70,64,68,71,64,67
1,10152010 15:00,114.6,74,61,66,73,72,67,71,72,55,70,67,72,64,68,68,71,73,68,68,71,62,70,72,69,66
1,10152010 16:00,113.2,74,61,64,72,72,61,72,72,55,72,70,72,62,69,68,72,71,68,67,72,59,66,74,71,65
1,10152010 17:00,116.4,75,57,63,72,72,57,69,72,55,69,66,72,63,67,68,71,70,70,66,70,56,66,74,66,68
1,10152010 18:00,121.3,71,55,61,69,71,56,66,71,54,68,64,68,60,67,63,70,68,69,63,67,56,64,70,66,63
1,10152010 19:00,125.4,64,55,58,64,64,51,57,64,50,65,60,63,56,66,60,65,64,63,59,60,55,61,66,62,60
1,10152010 20:00,135,57,54,56,57,59,51,57,64,50,62,57,63,54,64,57,60,55,61,56,58,54,57,64,59,58
1,10152010 21:00,134.2,56,50,53,57,62,52,58,62,48,60,56,57,54,63,55,60,51,61,56,61,56,57,60,57,57
1,10152010 22:00,131.2,55,50,50,54,61,53,58,60,48,58,53,55,54,62,54,60,49,59,49,59,57,55,58,55,56
1,10152010 23:00,124.2,52,50,50,54,60,53,56,58,48,56,51,48,54,62,49,58,47,59,48,57,57,54,53,56,55
1,10162010 0:00,114.1,44,45,49,53,55,52,56,55,46,53,50,46,53,62,48,56,44,59,48,55,56,52,50,52,53
1,10162010 1:00,105.5,44,45,44,53,52,50,54,55,46,54,52,45,49,61,48,54,43,58,48,51,56,52,49,51,52
1,10162010 2:00,101.2,44,45,42,47,48,49,53,54,45,54,49,52,49,60,47,53,41,56,52,50,56,48,47,46,51
1,10162010 3:00,99.4,43,45,43,47,48,48,52,53,45,52,45,45,48,60,45,52,41,56,45,49,53,50,46,48,49
1,10162010 4:00,99.9,42,45,44,47,49,49,52,53,43,49,47,43,47,60,45,51,40,55,46,47,54,50,46,48,48
1,10162010 5:00,101.9,42,45,42,46,48,49,50,52,43,51,44,45,46,59,43,50,41,53,48,47,54,48,45,43,46
1,10162010 6:00,108,43,45,44,42,47,47,50,51,43,47,44,41,45,59,44,49,39,54,47,47,53,48,44,46,47
1,10162010 7:00,117.1,41,45,42,44,47,46,49,50,43,48,45,41,49,58,46,48,37,54,47,46,53,46,47,46,47
1,10162010 8:00,129.7,39,45,43,43,47,48,51,49,43,47,45,41,49,58,45,50,38,55,46,49,54,48,46,47,48
1,10162010 9:00,138.4,51,50,46,51,54,53,54,55,45,53,52,53,53,60,50,55,46,57,51,54,56,54,54,51,52
1,10162010 10:00,136.2,57,55,52,58,59,57,60,58,46,58,57,57,57,60,56,60,57,61,56,59,58,57,59,57,57
1,10162010 11:00,131.4,62,61,56,62,63,61,63,62,50,62,60,61,59,62,60,63,60,63,58,63,60,61,62,61,61
1,10162010 12:00,126.4,65,63,58,63,65,63,64,64,54,64,62,63,61,63,63,66,64,64,61,65,61,63,64,63,63
1,10162010 13:00,119.6,67,64,61,66,66,64,66,66,57,65,64,64,62,65,65,68,66,67,64,66,63,63,66,66,65
1,10162010 14:00,116.4,69,64,64,68,68,65,67,68,59,66,67,66,64,66,66,69,69,66,66,67,64,64,68,67,66
1,10162010 15:00,114.3,70,64,66,69,69,66,68,68,61,67,69,70,66,66,66,69,71,68,67,67,65,66,70,68,67
1,10162010 16:00,113.6,71,64,67,70,69,66,68,69,59,68,69,72,67,67,68,70,72,68,68,68,65,66,67,70,68
1,10162010 17:00,115,71,64,66,71,69,65,67,69,59,68,69,70,66,66,68,70,72,67,69,68,65,66,64,69,67
1,10162010 18:00,116.8,68,63,64,69,67,62,65,68,57,67,67,64,64,65,64,67,69,65,68,65,64,64,60,68,65
1,10162010 19:00,122.5,60,55,60,64,59,55,59,60,55,60,63,57,61,64,58,63,58,62,58,57,62,54,57,62,55
1,10162010 20:00,132.7,54,50,54,60,55,52,52,54,54,55,61,52,53,63,53,55,52,59,56,52,58,54,56,56,50
1,10162010 21:00,131.6,49,50,51,58,52,50,51,53,52,51,56,48,50,53,51,52,48,57,59,49,58,48,52,52,48
1,10162010 22:00,129,47,46,47,54,51,50,49,52,52,50,53,46,47,51,49,51,47,53,49,50,57,48,51,52,46
1,10162010 23:00,122.7,45,45,47,52,49,49,47,51,52,49,50,45,47,49,48,50,46,51,49,47,57,48,50,48,45
1,10172010 0:00,113.7,44,45,44,47,49,49,46,48,52,49,51,44,48,49,48,48,44,51,49,48,50,48,49,48,42
1,10172010 1:00,106.3,43,45,41,49,48,49,45,47,52,48,50,43,45,49,46,47,42,52,50,49,51,46,48,48,45
1,10172010 2:00,102.7,41,45,40,47,46,47,47,48,52,47,50,41,42,49,44,46,41,53,51,48,50,45,47,46,43
1,10172010 3:00,101.4,40,45,40,45,46,50,45,46,52,49,47,41,42,50,43,46,40,55,44,48,47,45,44,46,40
1,10172010 4:00,102.4,40,43,41,44,45,47,48,47,54,48,48,41,43,50,41,45,39,55,44,46,48,45,45,44,41
1,10172010 5:00,105,37,39,43,42,44,45,47,45,44,46,48,41,40,49,42,45,39,54,41,45,44,43,45,43,40
1,10172010 6:00,109.7,37,37,36,42,43,46,44,44,40,46,47,39,41,48,40,45,38,53,42,45,46,43,40,42,40
1,10172010 7:00,118.9,36,39,36,43,43,43,44,42,39,47,43,39,40,47,40,45,38,54,42,45,45,41,40,42,40
1,10172010 8:00,133.6,37,39,37,38,44,45,45,42,41,45,46,39,41,48,42,46,39,55,47,45,47,43,41,42,42
1,10172010 9:00,146.4,45,45,44,50,53,52,54,51,47,50,50,46,49,60,48,55,48,57,56,51,54,52,48,49,50
1,10172010 10:00,143.1,54,55,51,59,60,58,59,60,56,57,61,57,58,63,58,62,57,59,61,57,60,57,58,56,58
1,10172010 11:00,131,62,63,59,67,65,64,66,65,61,65,67,64,66,65,67,68,65,64,67,64,66,63,66,65,64
1,10172010 12:00,120.4,69,66,64,68,71,69,69,71,64,69,73,72,70,66,70,71,69,68,69,69,70,66,72,70,67
1,10172010 13:00,116.9,73,70,68,71,74,70,72,74,66,72,73,72,71,69,71,74,72,70,70,71,72,70,74,74,71
1,10172010 14:00,116.6,75,70,72,74,74,70,73,74,70,74,74,73,73,69,74,76,74,70,73,73,72,72,76,75,73
1,10172010 15:00,116.8,77,72,74,75,76,71,74,76,72,75,76,77,75,70,75,77,77,71,73,74,73,73,78,77,74
1,10172010 16:00,116.8,79,73,75,75,76,71,75,77,72,76,76,77,75,70,76,78,78,71,75,74,74,73,78,78,75
1,10172010 17:00,118.1,79,72,76,76,76,70,75,77,70,76,75,77,74,70,75,77,77,71,74,74,72,73,78,77,75
1,10172010 18:00,119,76,64,72,74,73,66,70,75,68,74,72,70,69,69,68,74,74,70,73,71,70,70,75,73,71
1,10172010 19:00,122.7,67,61,65,68,65,63,62,67,64,67,65,63,64,68,62,68,62,69,69,62,64,61,69,65,62
1,10172010 20:00,133.4,60,55,59,64,60,57,57,63,63,63,64,57,61,69,62,65,56,69,67,58,60,57,63,61,56
1,10172010 21:00,130.6,55,55,58,59,62,56,55,62,59,63,62,54,61,69,59,64,53,69,65,62,58,55,57,60,54
1,10172010 22:00,123,52,54,52,59,60,57,59,61,59,62,59,52,58,68,58,63,51,69,64,62,59,57,54,60,54
1,10172010 23:00,111.3,58,54,51,59,59,55,58,58,54,60,59,52,56,68,57,63,49,66,62,61,62,57,54,57,57
1,10182010 0:00,100.1,49,54,48,56,58,54,57,56,55,59,58,50,54,67,56,61,47,65,56,60,64,55,53,56,55
1,10182010 1:00,91.1,50,54,46,55,57,55,56,53,59,59,57,48,54,66,54,60,46,65,51,59,63,55,52,56,55
1,10182010 2:00,87.6,47,54,43,54,55,55,56,55,59,58,52,46,52,65,53,59,45,64,50,57,62,54,54,55,52
1,10182010 3:00,86.5,45,50,45,52,54,54,55,54,57,57,52,46,51,64,53,59,44,64,48,55,62,55,56,54,50
1,10182010 4:00,87.2,44,50,42,53,54,54,56,55,48,56,52,45,49,65,53,58,43,65,48,54,60,54,50,54,51
1,10182010 5:00,90.8,43,50,40,50,51,54,55,53,45,55,52,45,49,65,50,57,42,64,52,53,55,52,49,52,48
1,10182010 6:00,102.3,43,50,41,50,50,53,55,50,44,54,49,43,48,65,49,56,42,63,50,52,52,52,48,53,48
1,10182010 7:00,123.9,42,50,40,45,50,51,53,49,44,53,50,43,48,64,48,54,41,62,46,52,53,48,50,52,46
1,10182010 8:00,126.8,41,50,40,46,49,51,55,51,44,53,50,43,49,64,48,56,41,62,52,52,54,52,48,51,47
1,10182010 9:00,121.9,50,55,43,55,59,59,59,58,56,57,58,52,57,67,54,61,52,65,58,58,60,57,56,55,55
1,10182010 10:00,120.1,60,64,51,61,66,65,65,63,61,64,65,63,65,68,63,66,60,66,66,63,66,63,62,62,62
1,10182010 11:00,117.5,66,66,54,67,71,68,70,69,64,70,72,66,71,70,68,72,68,70,71,70,67,66,69,69,67
1,10182010 12:00,120.4,73,72,65,71,75,71,74,74,68,75,75,72,72,70,74,76,68,73,74,74,68,72,74,75,73
1,10182010 13:00,119.5,74,75,69,71,78,73,78,78,68,78,78,72,73,72,78,79,74,74,77,77,69,75,78,78,76
1,10182010 14:00,122,74,75,72,71,79,74,79,80,70,80,79,75,76,73,77,79,75,74,77,78,70,79,78,79,78
1,10182010 15:00,125,75,75,72,71,79,74,78,78,70,78,79,72,77,74,78,80,73,74,77,78,69,79,78,79,80
1,10182010 16:00,125.6,75,75,71,71,80,73,76,80,72,77,78,73,76,75,77,78,72,73,77,76,70,77,75,80,78
1,10182010 17:00,126.3,73,75,70,69,80,71,72,80,70,76,76,72,76,73,73,77,69,72,76,74,68,75,74,75,77
1,10182010 18:00,127.3,68,70,67,66,75,67,70,75,68,72,72,70,72,73,71,73,65,73,73,71,66,70,72,73,72
1,10182010 19:00,135.1,64,64,63,63,70,63,65,68,64,69,66,63,68,73,67,68,62,71,69,68,64,66,64,70,65
1,10182010 20:00,144.8,61,61,60,60,67,60,66,66,64,67,63,61,63,73,61,68,58,72,66,67,63,64,61,65,62
1,10182010 21:00,138.2,59,57,57,61,65,62,65,66,63,65,61,59,63,73,59,67,57,71,64,66,61,63,60,64,60
1,10182010 22:00,128.2,56,55,53,59,64,62,64,65,61,66,60,57,59,73,57,66,54,71,62,66,61,66,67,61,58
1,10182010 23:00,116.4,55,54,50,59,62,62,63,65,61,65,59,57,58,73,57,65,54,71,60,65,61,64,66,62,57
1,10192010 0:00,102.8,54,54,48,59,62,61,64,64,61,65,57,55,56,72,57,64,52,71,59,65,61,64,66,60,60
1,10192010 1:00,92.8,54,55,47,56,61,62,61,63,59,64,56,54,56,72,56,64,50,71,58,64,58,64,65,59,62
1,10192010 2:00,87.1,56,54,48,57,61,62,61,63,57,65,53,54,56,71,54,65,50,71,52,64,58,63,63,59,62
1,10192010 3:00,87.2,54,54,43,55,60,63,60,61,57,64,54,54,56,71,54,64,48,71,54,63,56,63,62,58,61
1,10192010 4:00,87.3,56,54,44,54,60,62,59,60,55,63,53,52,56,70,53,63,48,70,54,62,56,63,62,57,60
1,10192010 5:00,90.2,51,55,41,52,60,62,60,60,57,62,53,52,52,70,51,63,47,70,50,61,58,61,60,57,57
1,10192010 6:00,100.4,49,55,40,50,59,61,61,60,57,61,51,52,52,71,52,63,46,70,53,63,58,61,59,59,56
1,10192010 7:00,119.5,49,55,40,50,59,60,61,59,55,60,52,48,52,71,50,64,44,69,52,62,57,57,56,56,57
1,10192010 8:00,123.6,46,55,39,50,58,59,62,58,57,58,51,46,51,71,50,65,45,70,48,63,58,57,56,55,57
1,10192010 9:00,118,53,57,44,56,63,63,66,63,57,60,56,57,56,72,56,66,51,72,54,66,58,63,61,58,61
1,10192010 10:00,116,62,64,50,63,68,66,69,67,61,66,63,63,57,75,62,71,62,72,61,68,58,66,65,64,66
1,10192010 11:00,116.7,67,64,58,70,72,69,73,71,64,72,69,70,56,75,69,75,71,75,67,74,65,70,70,67,69
1,10192010 12:00,118.8,71,68,66,75,76,71,77,76,66,76,72,73,57,75,71,79,75,75,71,77,66,73,73,70,71
1,10192010 13:00,121.4,76,70,70,77,79,74,79,78,68,78,73,77,59,77,73,81,78,77,74,78,66,75,76,75,75
1,10192010 14:00,125.8,79,70,73,79,80,76,81,80,68,80,75,81,62,78,75,80,79,76,75,79,68,79,78,76,77
1,10192010 15:00,129.4,80,72,72,80,81,76,81,80,70,81,77,81,65,77,76,81,80,76,77,80,66,79,79,77,78
1,10192010 16:00,132.7,81,72,74,80,81,76,80,80,68,81,77,81,66,77,76,81,79,77,77,79,65,79,80,78,77
1,10192010 17:00,136.2,79,70,74,78,80,74,79,79,66,79,76,81,65,76,75,80,77,75,77,78,65,79,78,76,77
1,10192010 18:00,136.2,76,64,72,76,76,66,74,76,66,76,74,72,62,74,70,76,75,73,75,74,63,72,76,73,73
1,10192010 19:00,139.5,68,64,65,69,70,63,66,69,63,69,70,64,58,73,65,71,65,71,69,65,62,63,68,70,65
1,10192010 20:00,147.3,63,61,61,64,65,62,62,66,61,65,67,61,57,73,61,69,60,71,66,65,62,64,63,67,63
1,10192010 21:00,141.3,58,59,57,64,63,61,62,63,63,62,65,57,56,73,64,68,56,71,61,66,61,61,60,66,62
1,10192010 22:00,130.4,56,57,55,62,61,61,59,60,61,61,62,57,55,71,62,67,54,70,60,63,63,63,59,63,57
1,10192010 23:00,116.9,55,57,51,61,60,61,61,59,57,60,61,57,55,68,60,66,54,70,58,61,62,61,57,63,59
1,10202010 0:00,103.2,54,57,51,62,63,61,58,61,59,59,59,54,54,66,58,66,53,68,58,61,62,59,55,60,59
1,10202010 1:00,93.4,52,55,49,58,61,60,55,62,57,57,57,52,54,64,58,65,51,69,57,61,62,57,54,60,60
1,10202010 2:00,87.6,50,55,49,57,60,60,54,60,57,54,56,52,57,64,57,65,51,69,57,60,61,57,52,59,60
1,10202010 3:00,86.2,50,55,52,57,61,59,53,55,54,56,56,52,57,63,57,63,51,66,56,59,61,57,53,58,60
1,10202010 4:00,85.9,49,54,51,56,60,59,52,54,54,57,56,52,57,64,56,60,51,61,55,58,62,57,53,59,60
1,10202010 5:00,88.7,51,55,54,55,60,58,56,57,54,57,56,54,57,63,57,58,54,58,57,57,62,57,51,59,60
1,10202010 6:00,98.2,51,55,54,54,57,58,55,54,54,56,56,54,57,60,57,58,56,57,57,56,62,57,51,58,60
1,10202010 7:00,117.9,51,55,54,54,57,60,52,55,52,55,56,57,57,63,57,58,56,57,56,54,62,57,51,59,60
1,10202010 8:00,123.2,50,55,54,56,56,60,55,56,52,55,57,57,57,67,57,60,57,60,57,54,63,57,52,59,60
1,10202010 9:00,118.5,54,57,54,57,59,64,58,59,52,57,57,59,57,69,57,68,57,68,57,61,63,57,55,60,61
1,10202010 10:00,119.3,57,61,55,58,67,66,61,66,52,57,57,59,58,72,57,70,57,71,57,62,63,59,58,60,62
1,10202010 11:00,118.8,58,64,59,59,74,67,66,70,52,59,57,59,58,70,59,74,58,73,57,66,64,61,59,61,64
1,10202010 12:00,118.2,59,64,59,61,76,68,68,73,52,62,57,59,60,72,60,77,61,74,59,71,64,63,62,61,66
1,10202010 13:00,116.9,60,68,61,64,74,70,74,73,57,63,60,63,59,72,61,80,64,75,61,75,65,64,63,60,65
1,10202010 14:00,117.9,64,70,64,67,72,70,76,68,59,64,61,63,60,74,60,81,67,75,60,76,66,66,63,60,63
1,10202010 15:00,120.2,65,64,66,69,69,70,75,64,59,63,62,64,61,75,63,77,69,75,62,78,65,64,62,63,61
1,10202010 16:00,123.1,65,64,66,70,68,70,70,64,61,63,62,70,61,76,63,74,68,74,65,68,61,61,64,63,61
1,10202010 17:00,126.7,67,61,65,70,69,67,66,66,57,64,63,70,60,74,64,69,71,73,65,66,60,63,64,64,63
1,10202010 18:00,129.6,66,61,64,68,67,66,65,66,57,64,62,66,57,73,63,69,68,69,64,65,60,63,64,63,62
1,10202010 19:00,137.9,62,57,60,65,63,64,64,63,55,62,61,61,56,70,57,64,63,67,60,62,59,61,63,62,61
1,10202010 20:00,142.6,59,57,58,62,60,62,62,60,54,60,59,57,55,69,55,62,60,66,57,61,59,59,60,60,60
1,10202010 21:00,138,57,55,54,61,59,61,62,58,54,58,56,57,55,68,54,61,57,64,55,59,59,59,58,58,60
1,10202010 22:00,129.6,56,55,52,60,57,59,60,56,54,58,55,57,56,68,53,59,54,62,54,59,60,57,56,56,60
1,10202010 23:00,116.8,55,55,49,60,56,58,59,56,52,57,52,54,54,66,51,59,50,61,52,57,59,57,54,55,59
1,10212010 0:00,103.1,53,55,44,58,55,58,58,53,52,56,53,52,51,64,52,57,48,61,53,56,59,57,53,54,54
1,10212010 1:00,94.1,55,55,43,54,54,57,57,53,52,55,50,52,52,64,54,56,46,60,54,55,59,57,54,55,54
1,10212010 2:00,87.4,53,55,42,54,53,57,55,53,52,54,50,52,52,63,53,55,45,60,48,55,58,55,51,53,52
1,10212010 3:00,87.2,54,55,41,53,51,57,54,51,52,54,50,52,54,63,53,54,44,59,51,54,58,55,50,57,54
1,10212010 4:00,87,53,55,40,51,51,57,54,52,50,52,48,48,54,63,54,52,43,58,51,53,56,55,52,57,53
1,10212010 5:00,89.8,50,55,39,50,53,56,54,54,50,53,47,45,52,62,52,53,42,57,46,51,56,54,53,55,54
1,10212010 6:00,100.2,49,55,38,45,54,55,53,55,50,54,46,45,50,61,50,51,41,58,44,51,56,54,52,53,55
1,10212010 7:00,119.9,49,55,37,47,54,56,52,52,50,54,46,43,48,61,48,54,41,57,44,51,56,54,49,51,54
1,10212010 8:00,124.5,48,55,37,46,54,58,52,54,50,55,48,41,49,61,48,54,41,57,49,52,56,54,50,50,53
1,10212010 9:00,119.4,50,57,42,54,60,60,54,58,52,55,53,52,54,64,52,61,50,62,52,58,58,55,54,54,54
1,10212010 10:00,116.1,55,64,48,59,65,64,62,64,55,59,60,61,59,66,59,65,61,65,58,61,62,59,62,59,60
1,10212010 11:00,114.9,63,64,61,66,69,68,69,70,57,67,64,66,65,68,65,70,66,69,63,68,66,64,72,66,67
1,10212010 12:00,116.6,71,70,65,71,73,71,72,73,59,72,69,72,69,70,69,72,71,70,67,72,70,72,74,70,71
1,10212010 13:00,114.7,74,73,68,74,75,73,75,75,61,74,71,73,71,71,72,74,74,71,70,74,72,73,76,73,74
1,10212010 14:00,116.4,76,75,72,77,76,74,77,77,63,76,74,77,73,73,74,78,76,72,72,76,73,75,78,75,75
1,10212010 15:00,120.6,78,75,71,78,77,74,77,78,63,77,76,77,73,72,74,78,78,72,73,76,74,75,78,76,76
1,10212010 16:00,122.7,78,75,72,78,78,74,77,78,63,78,76,77,74,73,75,78,78,72,75,76,74,75,78,75,76
1,10212010 17:00,126.2,78,73,71,77,77,74,76,77,63,77,75,77,73,72,74,77,77,72,74,75,72,75,78,75,75
1,10212010 18:00,127,75,70,68,75,74,71,71,75,63,74,73,73,71,71,71,75,74,71,73,71,70,72,75,73,72
1,10212010 19:00,132.4,69,63,61,69,66,66,62,68,61,66,65,63,63,71,65,68,60,70,68,65,68,61,67,65,62
1,10212010 20:00,140.4,63,57,60,65,61,60,58,66,59,64,63,55,60,71,61,65,56,70,66,61,64,59,64,64,58
1,10212010 21:00,136.6,61,55,58,61,58,59,58,65,57,62,59,54,62,70,58,63,54,69,64,59,65,57,61,63,58
1,10212010 22:00,128.9,60,61,54,60,58,59,60,63,55,59,61,52,60,70,54,63,52,69,56,60,63,57,60,57,59
1,10212010 23:00,116.7,59,55,57,60,58,61,59,62,54,61,54,48,55,71,54,62,50,68,59,59,63,57,59,59,60
1,10222010 0:00,103.7,50,55,55,61,57,60,58,60,52,61,53,50,53,70,53,61,51,66,54,59,60,59,55,55,55
1,10222010 1:00,94.5,49,50,44,59,56,58,58,58,50,60,49,52,50,69,51,59,46,67,50,57,60,55,53,52,53
1,10222010 2:00,88.7,47,48,41,57,55,57,56,57,48,57,51,48,48,66,48,58,43,67,51,57,52,54,52,50,51
1,10222010 3:00,88.4,43,45,39,46,56,52,57,55,46,55,51,46,46,64,47,58,43,61,47,55,49,48,48,49,47
1,10222010 4:00,90,44,45,39,51,55,46,55,54,45,53,54,45,45,63,45,56,47,56,47,54,49,45,53,47,45
1,10222010 5:00,94.8,42,45,37,44,56,47,54,52,45,51,51,43,51,63,52,54,41,59,50,54,48,45,49,44,45
1,10222010 6:00,107,41,43,46,42,53,46,50,51,43,48,49,43,49,62,49,55,39,58,50,54,53,45,47,47,47
1,10222010 7:00,131,40,43,47,40,52,44,48,49,43,48,46,41,47,62,49,52,38,56,46,50,56,43,43,48,45
1,10222010 8:00,137.8,40,45,43,44,51,45,51,49,43,51,47,45,48,62,48,51,38,57,44,49,56,48,44,48,43
1,10222010 9:00,131.2,48,50,49,54,56,54,57,54,45,56,52,57,51,66,53,57,47,62,52,56,58,54,54,54,53
1,10222010 10:00,127,56,55,53,59,61,58,60,60,46,58,55,57,55,68,57,64,58,66,55,60,58,57,58,58,56
1,10222010 11:00,123.1,61,59,56,62,64,61,64,64,52,61,58,63,58,69,60,67,62,69,58,64,59,61,62,61,60
1,10222010 12:00,118.3,65,61,60,64,67,64,66,66,55,64,60,63,60,71,62,69,64,70,59,68,59,63,65,63,63
1,10222010 13:00,113.7,67,63,63,66,68,65,67,68,57,65,63,64,62,70,63,70,67,69,61,69,60,64,67,65,65
1,10222010 14:00,114,68,64,66,67,69,65,68,70,59,67,64,66,62,69,64,71,68,70,63,69,61,64,68,66,66
1,10222010 15:00,113.2,69,64,68,70,70,65,69,71,61,68,65,66,63,69,66,72,71,69,65,70,62,64,69,67,66
1,10222010 16:00,113.3,70,64,68,71,71,66,69,71,61,69,66,66,64,68,66,72,70,69,66,70,62,66,69,66,66
1,10222010 17:00,115.6,70,64,67,71,70,65,68,71,61,69,66,66,63,66,66,71,69,69,66,69,62,64,69,66,66
1,10222010 18:00,117.3,67,55,64,67,64,60,64,67,57,67,65,63,60,62,62,68,65,65,65,66,60,63,66,65,62
1,10222010 19:00,124.4,58,54,58,62,57,55,56,60,55,62,63,54,52,59,52,58,56,58,55,58,57,54,55,55,51
1,10222010 20:00,133.9,51,46,55,58,52,56,52,52,54,53,56,48,48,57,49,55,49,57,54,50,57,52,51,53,47
1,10222010 21:00,134,47,45,51,50,50,55,49,50,52,49,54,45,48,56,47,53,47,56,50,49,57,46,47,49,45
1,10222010 22:00,131.6,45,45,47,54,47,54,47,47,48,49,50,43,43,56,45,50,44,55,50,48,54,46,46,47,43
1,10222010 23:00,127.2,42,43,44,55,47,49,47,47,48,47,50,43,46,57,44,50,43,55,44,45,50,45,44,47,41
1,10232010 0:00,119.6,41,39,42,50,47,43,45,47,46,44,48,42,46,55,42,49,42,52,45,45,49,43,43,47,41
1,10232010 1:00,112.8,40,37,39,46,46,42,42,46,46,44,47,41,45,51,41,47,41,48,45,43,48,43,42,44,39
1,10232010 2:00,108.6,39,37,38,43,44,42,42,44,43,41,47,41,40,50,40,46,40,47,42,42,45,41,41,44,40
1,10232010 3:00,107.8,37,37,36,39,43,42,42,43,41,41,47,39,40,51,39,45,39,45,41,42,45,39,41,42,38
1,10232010 4:00,109.9,35,36,35,38,41,40,41,41,41,40,45,39,41,48,39,45,38,46,43,41,44,39,40,41,38
1,10232010 5:00,113.7,36,36,34,39,40,41,41,40,45,40,43,39,39,51,39,43,38,46,41,40,43,39,38,41,38
1,10232010 6:00,122.2,34,36,35,39,40,40,40,40,41,41,44,39,40,49,39,42,37,46,39,40,45,37,37,42,37
1,10232010 7:00,132.9,34,36,34,39,39,39,39,41,45,40,42,39,39,46,38,42,36,45,38,40,44,36,37,40,37
1,10232010 8:00,146.6,35,36,32,44,40,41,41,43,43,40,40,37,39,49,40,42,36,47,38,41,44,37,37,41,36
1,10232010 9:00,155.6,42,45,39,47,50,52,50,49,45,46,49,46,49,61,46,52,44,59,47,49,51,46,43,47,47
1,10232010 10:00,148.9,51,54,47,57,61,60,59,60,52,57,58,57,56,66,55,62,54,65,56,58,58,57,53,54,57
1,10232010 11:00,137.7,58,63,53,62,67,63,64,66,57,63,62,63,61,67,62,67,63,67,60,65,63,64,64,61,64
1,10232010 12:00,128.8,65,64,60,66,70,65,67,69,64,69,66,64,65,68,65,70,67,69,63,68,65,66,68,67,67
1,10232010 13:00,121.2,71,66,67,70,71,67,70,70,68,70,69,72,68,68,69,71,70,69,66,70,68,70,70,70,70
1,10232010 14:00,116.6,74,70,70,71,73,68,70,74,68,73,71,72,70,68,71,72,72,70,69,72,69,70,72,72,71
1,10232010 15:00,115.3,74,70,72,73,74,69,71,74,68,74,73,73,71,69,71,72,73,70,70,72,69,72,74,73,73
1,10232010 16:00,116.1,75,70,72,73,74,69,71,74,68,74,73,73,71,68,72,71,74,70,72,71,70,72,74,73,73
1,10232010 17:00,116.7,74,70,70,74,74,68,70,74,66,74,72,73,71,67,72,70,73,69,72,69,70,72,74,73,72
1,10232010 18:00,118.8,71,64,67,71,70,65,67,71,63,71,68,70,67,65,67,68,69,66,70,64,67,66,72,69,68
1,10232010 19:00,123.9,60,55,63,65,64,59,58,63,57,62,65,59,60,56,59,61,59,58,63,58,62,57,60,63,56
1,10232010 20:00,130.5,59,54,59,60,57,56,57,58,57,55,61,54,57,54,56,57,54,56,59,54,61,54,54,59,51
1,10232010 21:00,127.8,58,52,57,51,55,55,53,56,55,59,58,52,56,54,54,54,51,55,55,52,57,52,51,57,51
1,10232010 22:00,123.2,53,50,53,58,51,56,50,54,52,58,55,48,54,53,52,54,49,53,57,50,56,55,50,56,49
1,10232010 23:00,116.8,50,46,52,57,50,58,48,54,54,57,56,48,54,53,52,53,48,52,57,50,57,55,49,56,47
1,10242010 0:00,107.2,49,50,50,55,50,56,49,52,54,55,55,47,53,53,51,51,48,53,58,48,56,54,47,57,48
1,10242010 1:00,99.4,48,50,48,54,49,59,48,52,52,54,54,46,54,53,50,52,47,52,58,48,56,52,47,53,52
1,10242010 2:00,95.3,47,50,46,55,50,56,49,52,54,54,54,46,52,52,52,51,46,52,58,47,56,52,46,51,51
1,10242010 3:00,93.4,45,50,45,54,50,55,46,52,54,51,53,45,51,60,52,52,45,52,58,46,59,50,46,52,49
1,10242010 4:00,93.5,45,48,43,50,52,55,46,52,55,49,53,45,50,61,50,50,45,51,55,46,57,48,48,51,46
1,10242010 5:00,95.3,44,48,42,51,50,55,46,52,54,49,52,45,51,59,48,51,45,52,54,46,55,46,46,50,45
1,10242010 6:00,99.7,43,48,42,49,49,53,46,50,52,49,51,43,50,60,45,51,44,52,52,46,56,46,45,49,45
1,10242010 7:00,107.6,42,45,40,50,48,52,47,50,52,48,51,45,49,57,47,51,42,51,49,46,56,46,44,48,44
1,10242010 8:00,121.1,42,45,40,47,50,52,47,51,50,48,50,46,49,60,47,52,42,53,51,46,52,46,44,51,47
1,10242010 9:00,134.7,47,50,44,54,56,58,57,58,54,56,56,57,51,67,51,60,49,65,53,54,61,55,51,53,54
1,10242010 10:00,136.5,55,55,51,60,64,63,68,63,57,60,63,61,56,70,57,72,62,70,60,63,65,63,59,55,59
1,10242010 11:00,127.7,64,64,58,67,73,69,72,72,63,67,68,66,64,71,64,75,68,73,65,73,68,70,71,65,65
1,10242010 12:00,119.4,71,70,67,70,76,72,75,75,66,74,70,72,69,74,70,76,71,73,68,76,70,73,74,71,71
1,10242010 13:00,118.9,75,73,71,72,77,73,76,77,70,76,73,73,72,74,72,76,74,76,72,78,73,75,76,74,74
1,10242010 14:00,120,77,73,71,76,79,74,78,79,68,78,74,73,73,75,75,78,76,75,74,78,75,77,77,76,76
1,10242010 15:00,121.8,78,75,72,76,79,75,78,80,68,79,75,73,74,76,74,76,76,75,75,77,76,79,79,77,78
1,10242010 16:00,122,78,75,72,75,79,76,77,79,68,79,75,73,74,75,75,76,74,75,75,76,76,77,79,78,78
1,10242010 17:00,124,77,75,71,74,77,75,75,78,66,79,74,73,73,74,75,75,73,74,74,74,75,77,78,77,77
1,10242010 18:00,124.9,75,70,68,73,74,72,72,75,64,77,73,72,71,73,72,73,72,72,73,71,72,73,76,74,73
1,10242010 19:00,128.9,68,64,63,70,71,69,67,71,61,72,69,68,64,72,64,69,68,70,70,68,66,72,74,70,65
1,10242010 20:00,135.5,65,55,62,67,69,68,65,68,59,70,67,66,64,72,62,68,61,70,67,66,67,68,65,66,59
1,10242010 21:00,132.6,65,62,61,68,67,66,61,66,59,68,64,66,62,72,60,65,58,69,65,66,67,66,70,66,66
1,10242010 22:00,123.5,68,64,59,63,66,65,60,65,57,67,63,66,62,72,59,61,58,68,63,62,66,66,70,67,65
1,10242010 23:00,111.1,66,64,59,63,65,66,58,63,55,65,61,66,62,73,64,64,58,64,64,59,66,64,69,66,64
1,10252010 0:00,98.4,64,63,60,63,63,65,57,63,59,64,60,64,64,73,64,67,58,68,64,63,66,63,67,66,64
1,10252010 1:00,89.2,64,61,57,62,66,65,61,62,57,64,62,64,63,73,64,61,58,68,63,61,65,63,66,65,63
1,10252010 2:00,84.4,61,59,59,64,67,63,55,64,57,62,62,64,61,73,63,59,59,66,63,60,63,61,65,64,62
1,10252010 3:00,81.9,63,63,58,63,66,63,55,66,57,62,62,64,60,72,60,63,58,68,63,59,63,61,65,63,61
1,10252010 4:00,81.8,62,61,61,64,68,63,55,67,57,64,63,63,61,72,57,62,63,71,64,61,63,61,65,63,60
1,10252010 5:00,84.8,63,57,63,65,65,63,55,67,59,65,63,64,61,73,55,62,64,72,64,63,62,61,65,63,61
1,10252010 6:00,94.5,64,57,63,66,66,60,57,66,59,65,64,64,60,73,59,69,65,72,64,66,61,63,66,63,59
1,10252010 7:00,112.6,65,61,63,66,65,63,60,65,59,66,64,64,60,73,59,67,65,72,64,64,62,63,67,64,61
1,10252010 8:00,118.1,64,61,62,66,65,65,64,65,59,67,65,64,60,74,63,69,65,72,64,67,64,64,67,66,63
1,10252010 9:00,116.7,66,63,61,67,67,69,69,66,59,67,65,66,61,75,66,72,65,74,65,70,67,68,68,68,65
1,10252010 10:00,117.2,70,64,59,67,72,71,72,69,55,67,67,66,65,76,68,74,65,75,66,73,69,70,71,70,66
1,10252010 11:00,118.8,72,68,58,67,75,72,76,73,57,69,68,70,70,76,71,71,63,77,66,76,71,73,76,74,70
1,10252010 12:00,119.1,74,70,58,67,79,76,77,77,57,72,70,70,73,77,74,72,63,77,66,70,74,70,77,76,73
1,10252010 13:00,118.8,64,73,60,65,79,78,70,80,59,77,67,63,76,79,76,76,65,76,66,69,77,72,68,77,74
1,10252010 14:00,121.8,66,75,60,63,79,77,69,70,61,80,64,63,74,79,64,77,64,70,65,71,77,75,72,77,75
1,10252010 15:00,123.3,66,75,59,64,78,76,71,72,61,72,65,64,65,78,66,73,65,72,64,71,73,73,67,67,66
1,10252010 16:00,122.2,67,73,64,65,66,70,70,65,64,66,66,64,66,77,65,73,67,72,66,72,76,64,68,67,64
1,10252010 17:00,124.2,69,64,67,68,66,69,70,64,68,65,66,64,65,76,65,73,70,72,66,70,73,64,68,67,65
1,10252010 18:00,128.4,68,64,65,67,66,67,67,64,66,65,66,64,64,75,65,66,68,70,66,68,70,64,67,66,65
1,10252010 19:00,138.1,65,64,63,64,65,66,66,64,64,65,63,61,63,75,63,66,64,70,65,67,68,63,66,65,64
1,10252010 20:00,139.7,64,64,58,63,65,66,67,63,57,64,63,61,62,71,63,67,61,70,63,68,66,63,65,65,63
1,10252010 21:00,133.9,64,63,59,64,64,66,66,63,57,64,62,61,63,69,64,67,61,70,62,67,65,63,65,64,63
1,10252010 22:00,123.8,64,61,59,64,64,67,67,63,55,64,62,63,63,72,64,68,61,70,62,67,65,63,64,65,63
1,10252010 23:00,112.4,64,63,60,64,65,67,68,64,57,64,62,63,64,72,64,71,62,71,62,69,65,64,64,65,63
1,10262010 0:00,99.6,65,64,61,63,66,67,70,66,54,65,62,63,63,74,63,73,63,73,62,70,65,64,64,65,62
1,10262010 1:00,91.1,65,64,61,63,68,68,70,66,55,68,62,63,62,75,63,71,63,73,62,71,67,64,65,64,63
1,10262010 2:00,86.1,65,64,62,63,69,68,71,67,55,68,63,63,63,74,63,71,63,72,62,70,67,66,66,64,63
1,10262010 3:00,85.6,65,64,63,64,70,68,70,68,57,69,63,63,63,74,63,70,64,72,63,70,67,68,66,65,63
1,10262010 4:00,85.1,65,64,62,65,69,70,69,68,57,68,62,63,63,73,63,71,63,73,62,70,68,66,66,66,62
1,10262010 5:00,86.9,66,64,63,67,70,69,68,69,57,68,63,64,64,73,64,72,64,72,62,70,67,66,68,66,63
1,10262010 6:00,95,66,64,64,67,71,68,70,70,57,68,63,64,64,73,63,73,64,73,63,71,65,66,68,66,66
1,10262010 7:00,113.8,67,66,63,68,71,67,70,69,59,68,63,64,65,74,64,72,66,73,63,71,66,66,68,67,67
1,10262010 8:00,119.7,67,66,65,68,72,68,71,70,59,69,64,66,65,75,64,73,67,74,64,72,67,68,70,68,67
1,10262010 9:00,115.5,69,68,65,69,74,69,72,71,61,71,66,68,67,75,66,74,68,75,65,74,69,70,70,69,69
1,10262010 10:00,116.7,72,70,65,70,75,69,76,74,61,73,67,70,67,76,66,78,70,77,67,77,72,72,72,70,70
1,10262010 11:00,118.4,76,70,67,72,78,70,79,77,63,76,69,70,69,77,70,79,71,76,69,80,71,75,72,70,72
1,10262010 12:00,121.5,78,73,69,74,80,73,82,79,63,78,70,72,71,77,71,82,75,78,70,80,72,75,75,73,73
1,10262010 13:00,125.7,77,75,70,78,83,78,81,81,64,80,72,73,73,79,74,81,75,79,72,81,73,79,76,77,75
1,10262010 14:00,130.6,81,75,72,77,82,81,83,82,68,81,74,75,74,80,76,81,76,79,74,83,77,81,78,78,78
1,10262010 15:00,136.5,82,79,72,80,83,80,82,84,70,82,75,79,76,79,78,82,77,78,76,84,80,82,79,80,78
1,10262010 16:00,139,81,79,72,79,82,80,84,81,68,82,78,79,77,79,78,81,79,77,77,82,80,82,80,78,79
1,10262010 17:00,141.3,81,75,70,79,78,79,80,80,66,81,77,79,76,76,77,80,79,76,77,79,80,81,80,79,79
1,10262010 18:00,143.3,80,75,72,78,78,77,76,78,66,79,76,75,75,76,76,79,76,75,76,77,79,79,79,78,77
1,10262010 19:00,152.3,78,73,67,76,76,76,75,76,66,77,74,73,73,76,74,77,75,75,75,75,76,75,77,75,74
1,10262010 20:00,158.7,76,73,67,74,75,74,75,75,64,75,73,73,72,76,74,76,74,75,73,73,75,75,77,75,74
1,10262010 21:00,154.1,75,73,68,74,75,74,75,74,64,75,73,73,72,76,73,75,74,75,73,73,74,73,76,75,74
1,10262010 22:00,144.4,75,73,68,74,76,73,75,74,64,74,73,73,72,76,73,75,74,75,73,73,74,73,75,75,73
1,10262010 23:00,131,75,73,67,74,76,73,74,75,64,74,73,73,73,77,73,75,73,75,72,74,74,72,74,74,74
1,10272010 0:00,116.9,75,73,67,76,77,74,75,77,66,74,73,73,73,77,73,76,72,75,72,76,73,72,75,74,73
1,10272010 1:00,105.7,76,73,65,75,77,75,76,77,64,76,72,73,73,77,74,76,72,75,72,76,74,73,76,74,74
1,10272010 2:00,100.9,77,73,68,75,77,75,76,77,63,76,71,73,73,77,74,76,73,75,67,76,74,75,76,75,75
1,10272010 3:00,99.3,77,75,68,74,77,74,77,77,63,76,73,75,74,76,75,76,73,75,71,75,75,75,76,76,76
1,10272010 4:00,99,76,75,66,73,77,75,76,77,64,77,74,73,73,76,75,76,73,75,73,75,75,75,76,76,75
1,10272010 5:00,100.8,76,75,68,73,77,75,76,77,64,77,73,73,74,76,75,76,73,73,73,74,75,73,76,76,75
1,10272010 6:00,109.1,76,75,68,74,77,75,76,77,64,76,74,73,74,76,75,76,72,74,73,74,76,73,75,76,75
1,10272010 7:00,127.2,75,75,68,73,76,75,76,77,64,76,73,73,74,76,75,76,73,74,72,74,75,73,75,76,75
1,10272010 8:00,133.7,75,73,68,73,76,74,76,76,64,77,73,73,74,76,74,76,72,75,72,73,75,73,76,75,75
1,10272010 9:00,131,76,75,69,74,77,76,76,77,63,77,74,73,74,77,73,78,74,76,73,76,76,75,77,77,76
1,10272010 10:00,136.5,78,75,70,75,80,78,78,78,66,79,75,73,77,78,77,80,75,75,74,78,77,79,78,78,79
1,10272010 11:00,142.6,80,79,68,77,83,78,80,81,66,82,76,75,78,79,78,82,76,79,75,81,79,81,80,79,81
1,10272010 12:00,151.5,82,82,69,79,85,80,83,84,64,83,79,79,80,80,79,82,76,80,75,81,83,82,83,81,82
1,10272010 13:00,157,84,84,70,81,86,83,84,86,70,85,79,81,80,78,81,82,79,79,78,83,84,84,84,82,84
1,10272010 14:00,162.9,84,84,72,82,87,84,85,87,72,87,79,82,81,79,83,84,77,79,75,82,86,86,84,85,86
1,10272010 15:00,168.2,85,84,75,82,86,85,85,88,72,87,80,82,83,78,83,83,74,79,70,84,86,84,85,85,86
1,10272010 16:00,174.3,84,84,75,79,86,84,83,87,64,88,75,81,81,78,83,82,78,79,72,83,86,86,85,86,86
1,10272010 17:00,177,84,84,73,74,84,83,81,85,66,87,73,81,81,78,81,81,77,78,71,81,85,84,85,82,84
1,10272010 18:00,175.9,82,79,68,75,82,79,79,82,68,83,73,79,74,77,81,79,76,77,72,78,82,82,83,82,83
1,10272010 19:00,182.3,80,79,66,76,79,78,77,79,66,81,74,79,73,77,80,77,75,76,72,76,81,79,80,81,80
1,10272010 20:00,184.4,79,79,65,76,77,77,77,77,66,79,74,79,73,77,78,77,72,76,72,76,80,79,80,80,80
1,10272010 21:00,176.6,79,75,64,73,76,76,77,77,64,77,72,77,77,76,77,76,71,76,72,76,78,75,79,79,78
1,10272010 22:00,165.6,78,75,64,73,75,75,77,76,66,76,72,72,77,76,77,76,72,75,72,75,78,75,78,78,77
1,10272010 23:00,149.1,74,75,63,72,75,76,76,75,63,76,72,72,73,76,73,76,71,75,72,75,77,75,78,77,77
1,10282010 0:00,132.1,73,75,63,71,76,76,76,75,61,75,71,70,72,76,72,77,70,75,72,75,77,73,77,74,76
1,10282010 1:00,119.9,73,75,62,71,76,75,76,76,61,75,70,72,73,76,71,76,70,75,72,75,75,73,76,73,76
1,10282010 2:00,111.6,72,73,61,71,76,75,76,76,61,76,71,72,72,76,71,76,69,75,71,76,73,73,74,73,74
1,10282010 3:00,108.7,72,73,60,71,76,75,76,74,57,74,71,72,72,76,72,77,69,75,70,75,72,73,73,73,73
1,10282010 4:00,106,72,73,61,70,71,75,76,72,61,73,70,70,72,76,72,77,69,75,70,75,72,73,73,73,73
1,10282010 5:00,106.3,72,73,59,70,70,74,76,72,59,73,69,70,72,76,71,77,69,75,68,75,73,73,72,73,73
1,10282010 6:00,113.4,72,73,56,70,71,74,76,71,59,73,68,70,70,76,70,71,68,75,68,74,73,73,72,72,73
1,10282010 7:00,130.8,72,73,57,70,71,73,74,70,57,72,68,70,70,76,71,70,67,75,67,71,74,72,72,72,73
1,10282010 8:00,138.4,72,73,57,69,71,74,73,70,57,72,66,70,70,76,70,70,67,74,66,70,73,72,71,72,72
1,10282010 9:00,132.6,72,73,55,70,73,74,73,72,57,72,69,71,70,76,70,72,69,73,67,71,74,72,71,72,72
1,10282010 10:00,133.8,74,73,58,73,76,75,74,72,57,73,70,72,72,77,72,76,71,73,68,72,75,73,73,73,72
1,10282010 11:00,136.3,75,75,61,74,77,77,73,75,59,73,71,73,74,75,74,78,72,73,71,75,75,73,74,75,73
1,10282010 12:00,138.8,76,75,63,76,76,76,73,77,61,75,73,75,75,75,75,80,74,75,70,77,76,72,77,78,76
1,10282010 13:00,139.9,76,75,66,75,76,76,76,75,63,76,75,75,78,76,78,81,74,76,71,79,76,75,77,79,79
1,10282010 14:00,144.5,77,79,65,78,75,78,79,75,64,78,74,75,77,76,78,81,77,79,74,80,79,77,78,80,80
1,10282010 15:00,149.6,78,79,67,79,76,77,79,75,64,78,76,77,78,75,78,80,77,77,74,79,80,77,79,81,82
1,10282010 16:00,152.3,79,79,67,80,77,78,78,77,63,78,76,77,78,75,77,79,76,76,75,77,81,77,79,79,80
1,10282010 17:00,154.3,79,77,65,80,78,77,77,77,61,77,74,75,75,76,77,79,77,75,72,76,80,77,78,78,79
1,10282010 18:00,154,77,75,63,77,76,75,76,76,59,76,72,73,72,75,73,78,73,73,67,74,78,75,76,77,77
1,10282010 19:00,159.8,72,70,61,70,71,75,74,74,57,75,67,68,69,74,66,76,69,73,63,72,73,73,73,74,67
1,10282010 20:00,161.1,69,70,57,68,71,74,74,73,57,74,61,68,66,73,66,76,65,73,59,72,70,73,73,71,69
1,10282010 21:00,152.6,69,70,53,65,70,69,73,72,55,73,57,61,66,73,65,69,63,74,58,72,73,73,72,70,66
1,10282010 22:00,141.6,67,64,55,62,69,68,73,72,54,73,58,57,64,74,62,68,61,74,56,72,71,70,70,68,67
1,10282010 23:00,126.2,65,64,56,58,69,68,73,73,54,66,57,55,63,74,57,68,56,73,55,71,70,66,68,63,65
1,10292010 0:00,111.7,56,57,54,57,71,67,72,72,50,67,57,57,62,74,56,68,53,72,53,71,69,66,65,62,61
1,10292010 1:00,99,53,55,52,56,66,67,71,68,48,65,59,54,59,71,56,68,59,72,52,69,67,64,61,61,61
1,10292010 2:00,89.9,51,57,51,57,64,65,69,65,45,64,59,50,58,70,58,68,58,71,52,68,64,63,60,61,59
1,10292010 3:00,86.6,48,55,49,56,62,62,67,64,43,63,57,54,56,69,58,66,58,69,52,65,62,63,60,60,58
1,10292010 4:00,84.6,47,55,47,54,61,61,64,62,41,62,55,50,54,70,56,63,55,67,53,64,58,59,58,57,57
1,10292010 5:00,85.8,47,54,45,55,60,59,62,60,39,59,52,52,53,68,55,61,53,64,52,63,56,55,58,55,55
1,10292010 6:00,92.7,47,50,44,53,58,56,60,58,37,57,49,52,50,65,52,59,52,62,49,59,55,54,55,53,53
1,10292010 7:00,108.7,47,50,42,51,57,54,57,56,36,55,47,48,47,64,50,58,51,60,48,58,53,52,53,52,51
1,10292010 8:00,116.7,47,50,41,49,56,52,55,55,36,53,46,46,46,61,47,57,49,58,46,56,52,50,52,49,50
1,10292010 9:00,116.2,52,50,42,53,58,54,55,56,36,54,48,48,49,59,50,57,51,59,50,56,53,54,54,51,52
1,10292010 10:00,117.5,55,54,44,56,59,55,57,57,39,55,51,52,51,60,53,59,53,59,52,57,54,55,55,53,55
1,10292010 11:00,115.1,56,55,46,58,60,57,59,59,41,58,53,54,53,62,54,61,56,60,54,59,56,55,57,55,56
1,10292010 12:00,113.7,58,57,50,59,61,60,61,60,45,59,54,54,54,62,56,63,58,61,55,61,58,57,59,56,59
1,10292010 13:00,111,60,57,54,61,62,61,62,62,50,61,56,55,56,62,58,64,61,62,57,61,59,59,60,59,59
1,10292010 14:00,108.8,62,59,57,63,63,61,62,63,52,62,59,57,57,63,59,65,62,63,59,63,59,61,62,60,61
1,10292010 15:00,107.5,64,59,60,64,64,62,63,64,54,63,60,59,58,63,61,65,64,64,61,64,61,61,63,61,62
1,10292010 16:00,108.2,65,59,61,65,64,62,63,64,52,64,60,61,58,63,60,65,66,64,62,64,60,61,64,62,61
1,10292010 17:00,110.2,64,57,60,66,64,60,62,64,52,63,62,61,58,62,60,64,66,63,62,63,59,61,63,62,60
1,10292010 18:00,112.4,61,55,58,64,61,58,59,61,48,61,60,59,56,59,55,61,63,59,60,60,57,57,60,60,58
1,10292010 19:00,121.9,53,50,53,61,54,56,55,56,46,57,57,50,50,59,50,57,53,56,54,56,55,54,56,55,50
1,10292010 20:00,130.3,47,45,49,54,53,55,54,53,46,55,53,46,51,59,46,54,48,55,52,51,55,52,49,50,48
1,10292010 21:00,131.3,46,45,46,50,50,53,53,50,45,54,53,45,51,59,45,53,46,53,50,53,54,48,48,47,44
1,10292010 22:00,129.7,43,45,45,47,48,53,51,49,45,48,49,43,49,58,43,49,44,53,48,47,54,46,46,46,42
1,10292010 23:00,126.5,41,43,43,46,47,52,48,46,43,46,50,43,46,58,44,49,43,52,46,46,53,45,45,46,42
1,10302010 0:00,119.9,40,43,40,44,44,51,46,47,43,45,49,41,44,58,46,48,41,52,45,44,53,43,44,47,42
1,10302010 1:00,113.2,39,43,40,48,44,49,44,45,41,46,46,41,43,57,45,45,39,49,42,43,52,39,42,45,43
1,10302010 2:00,107.5,38,39,36,49,43,49,41,45,41,43,46,39,41,57,43,45,38,47,40,43,51,41,43,42,43
1,10302010 3:00,108.1,37,39,35,47,43,48,44,44,43,44,42,37,39,56,40,43,37,48,37,41,50,43,42,41,40
1,10302010 4:00,108.9,35,37,34,46,41,47,46,44,37,44,40,37,37,55,38,42,36,49,37,43,51,37,40,40,37
1,10302010 5:00,112.5,34,36,33,48,42,41,45,44,37,41,40,36,36,55,37,42,36,48,37,41,50,37,39,39,37
1,10302010 6:00,121.1,33,36,32,46,42,39,44,43,36,40,39,36,36,55,36,43,36,47,36,44,50,34,38,37,36
1,10302010 7:00,131.9,34,36,32,45,40,39,44,40,34,41,39,34,35,54,36,42,34,43,35,39,50,36,36,38,36
1,10302010 8:00,145.7,33,36,31,45,40,39,44,40,37,39,38,34,34,54,34,42,35,44,36,41,49,36,36,37,34
1,10302010 9:00,157.2,40,41,34,47,47,45,49,45,39,45,43,43,41,58,42,48,39,53,42,47,52,43,43,43,43
1,10302010 10:00,150.3,48,46,40,50,51,52,51,50,43,51,48,48,47,59,48,53,48,56,47,52,54,48,47,49,49
1,10302010 11:00,137.9,55,50,49,54,58,56,55,55,48,54,52,52,51,60,52,59,54,60,50,56,55,54,54,52,53
1,10302010 12:00,128.5,59,54,57,59,61,57,58,59,52,58,56,55,53,59,55,62,57,61,53,59,57,55,58,58,56
1,10302010 13:00,118,62,55,60,62,65,57,60,63,55,61,58,57,56,61,57,65,61,62,57,61,58,59,61,60,58
1,10302010 14:00,113.4,65,57,63,64,65,59,62,64,55,63,60,61,59,59,60,65,63,62,61,63,59,59,64,62,60
1,10302010 15:00,111.4,66,57,65,64,67,59,63,66,57,64,62,61,61,61,62,67,64,62,60,65,60,61,65,63,62
1,10302010 16:00,109.8,66,57,65,66,68,59,64,67,57,65,62,63,61,61,62,66,64,62,59,65,60,63,65,64,64
1,10302010 17:00,111.4,66,57,63,65,67,58,63,67,55,64,62,63,60,60,61,66,64,60,58,63,59,63,65,63,61
1,10302010 18:00,114.4,65,55,61,63,63,54,59,63,52,62,61,61,58,61,58,63,61,60,56,59,56,59,62,59,59
1,10302010 19:00,124.2,60,52,56,58,56,53,56,56,50,58,56,55,54,61,51,58,58,60,55,57,54,54,60,53,52
1,10302010 20:00,131.5,57,50,55,55,55,54,54,54,48,56,55,57,52,62,50,55,56,61,53,56,53,52,58,54,51
1,10302010 21:00,133.1,57,50,54,58,55,56,54,54,48,54,55,55,51,63,50,53,56,63,51,54,53,52,55,56,50
1,10302010 22:00,130.6,48,50,50,57,55,56,53,54,48,53,55,55,51,64,52,54,56,64,49,55,54,54,54,55,53
1,10302010 23:00,125.3,47,52,48,57,55,55,53,54,55,53,55,55,51,65,52,53,56,64,47,55,54,52,55,53,50
1,10312010 0:00,117,43,50,43,55,54,54,53,54,55,54,54,55,51,65,51,53,53,65,45,54,52,52,51,50,47
1,10312010 1:00,108.9,42,50,40,55,53,55,53,53,55,54,53,54,51,63,50,53,51,66,45,53,51,50,52,50,46
1,10312010 2:00,104.5,41,50,38,54,53,56,52,54,54,54,52,54,49,61,46,57,47,65,45,50,52,50,49,49,50
1,10312010 3:00,102.2,40,50,38,51,54,55,50,54,54,53,50,52,47,63,50,58,45,66,45,57,54,52,49,48,50
1,10312010 4:00,101.6,41,50,36,53,53,56,51,54,54,53,49,48,46,64,49,59,44,66,46,54,55,52,50,49,49
1,10312010 5:00,103.2,41,48,35,52,58,54,50,53,52,54,49,45,45,65,49,59,44,65,48,53,55,52,51,46,47
1,10312010 6:00,106.4,37,45,40,51,58,56,51,53,52,54,49,43,43,66,48,57,42,64,45,53,54,52,51,46,46
1,10312010 7:00,112.8,37,46,39,49,59,54,52,54,50,52,47,43,44,65,45,58,41,66,43,53,53,54,51,45,46
1,10312010 8:00,123.7,38,48,41,45,58,53,54,54,50,51,44,41,44,64,45,58,39,64,42,55,53,54,50,45,45
1,10312010 9:00,134.8,46,54,46,52,61,56,59,57,50,56,51,46,50,65,50,61,45,65,49,58,55,55,55,49,52
1,10312010 10:00,132.6,56,55,48,58,65,61,63,63,52,60,58,54,56,67,55,65,55,66,57,63,60,61,61,56,57
1,10312010 11:00,124.6,61,64,59,64,69,64,68,67,54,65,64,61,62,68,62,69,63,69,64,68,64,64,65,62,62
1,10312010 12:00,116.3,66,70,63,67,72,68,71,71,57,69,67,64,67,69,66,72,67,71,67,71,66,68,70,66,67
1,10312010 13:00,113.2,71,70,64,70,73,71,73,72,59,72,69,68,69,70,70,74,70,73,70,73,67,72,71,71,70
1,10312010 14:00,113.1,74,70,68,72,74,72,74,73,61,74,71,70,70,71,72,75,72,73,68,73,68,72,73,72,72
1,10312010 15:00,112.5,76,70,69,74,75,72,74,74,63,74,71,72,71,72,73,75,72,73,66,74,69,72,75,74,73
1,10312010 16:00,112.2,76,70,70,73,76,72,75,74,63,74,71,72,71,72,72,76,73,72,64,74,70,73,75,74,73
1,10312010 17:00,111.8,75,70,69,73,76,70,73,74,63,74,72,72,70,69,71,75,73,72,61,73,69,72,75,73,72
1,10312010 18:00,111.9,72,64,66,71,70,64,70,72,59,70,68,63,65,67,63,72,67,70,59,68,66,68,71,68,63
1,10312010 19:00,116.8,62,55,59,66,65,60,59,63,57,63,65,55,58,59,57,64,57,67,57,59,61,57,61,62,55
1,10312010 20:00,121.8,56,54,59,55,61,56,57,59,55,57,62,54,56,57,54,60,53,63,59,55,60,54,54,57,52
1,10312010 21:00,122.1,53,50,56,56,58,55,55,56,55,55,54,52,53,57,52,59,49,60,61,54,61,52,52,54,50
1,10312010 22:00,118.2,50,50,52,60,56,57,53,54,54,54,54,50,55,56,51,57,47,59,57,53,60,52,51,54,49
1,10312010 23:00,109.7,46,55,51,57,54,57,51,54,54,53,55,48,51,56,50,56,46,55,54,51,59,48,49,51,47
1,1112010 0:00,100.1,47,52,51,52,53,57,51,53,50,51,55,46,53,58,50,55,45,53,50,51,58,48,48,50,47
